symbol,ensembl
7SK,ENSG00000202198
A1BG,ENSG00000121410
A2M,ENSG00000175899
A2M-AS1,ENSG00000245105
AADACL2-AS1,ENSG00000262466
AAMDC,ENSG00000087884
AASS,ENSG00000008311
ABAT,ENSG00000183044
ABCA1,ENSG00000165029
ABCA10,ENSG00000154263
ABCA3,ENSG00000167972
ABCA6,ENSG00000154262
ABCB1,ENSG00000085563
ABCB4,ENSG00000005471
ABCB5,ENSG00000004846
ABCB9,ENSG00000150967
ABCC2,ENSG00000023839
ABCC3,ENSG00000108846
ABCC4,ENSG00000125257
ABCC9,ENSG00000069431
ABCD2,ENSG00000173208
ABCG1,ENSG00000160179
ABCG2,ENSG00000118777
ABHD12,ENSG00000100997
ABHD14A,ENSG00000248487
ABHD14B,ENSG00000114779
ABHD17C,ENSG00000136379
ABHD5,ENSG00000011198
ABHD6,ENSG00000163686
ABHD8,ENSG00000127220
ABL1,ENSG00000097007
ABLIM1,ENSG00000099204
ABLIM2,ENSG00000163995
ABO,ENSG00000281879
ABR,ENSG00000278741
ABTB2,ENSG00000166016
ABTB3,ENSG00000151136
ACACB,ENSG00000076555
ACAT1,ENSG00000075239
ACAT2,ENSG00000120437
ACE,ENSG00000159640
ACER1,ENSG00000167769
ACER2,ENSG00000177076
ACKR2,ENSG00000144648
ACO1,ENSG00000122729
ACOD1,ENSG00000102794
ACOX1,ENSG00000161533
ACOXL,ENSG00000153093
ACP5,ENSG00000102575
ACP6,ENSG00000162836
ACSL1,ENSG00000151726
ACSL6,ENSG00000164398
ACSM1,ENSG00000166743
ACSM3,ENSG00000005187
ACSS2,ENSG00000131069
ACTA2,ENSG00000107796
ACTB,ENSG00000075624
ACTG1P17,ENSG00000259315
ACTN1,ENSG00000072110
ACTN1-DT,ENSG00000259062
ACTR6,ENSG00000075089
ACVR1C,ENSG00000123612
ACVR2A,ENSG00000121989
ACVR2B,ENSG00000114739
ACY1,ENSG00000243989
ADA,ENSG00000196839
ADAM12,ENSG00000148848
ADAM19,ENSG00000135074
ADAM20,ENSG00000134007
ADAM22,ENSG00000008277
ADAM23,ENSG00000114948
ADAM28,ENSG00000042980
ADAM7-AS1,ENSG00000253535
ADAM8,ENSG00000151651
ADAMDEC1,ENSG00000134028
ADAMTS10,ENSG00000142303
ADAMTS17,ENSG00000140470
ADAMTS6,ENSG00000049192
ADAMTS7,ENSG00000136378
ADAP2,ENSG00000184060
ADARB2,ENSG00000185736
ADCY10P1,ENSG00000161912
ADCY3,ENSG00000138031
ADCY9,ENSG00000162104
ADD2,ENSG00000075340
ADD3-AS1,ENSG00000203876
ADGRA3,ENSG00000152990
ADGRB1,ENSG00000181790
ADGRB3,ENSG00000135298
ADGRE1,ENSG00000174837
ADGRE2,ENSG00000127507
ADGRE3,ENSG00000131355
ADGRE4P,ENSG00000268758
ADGRE5,ENSG00000123146
ADGRF3,ENSG00000173567
ADGRF5,ENSG00000069122
ADGRG1,ENSG00000205336
ADGRG3,ENSG00000182885
ADGRG5,ENSG00000159618
ADGRG6,ENSG00000112414
ADGRL1,ENSG00000072071
ADGRL2,ENSG00000117114
ADGRL3-AS1,ENSG00000248692
ADGRL4,ENSG00000162618
ADGRV1,ENSG00000164199
ADH1B,ENSG00000196616
ADHFE1,ENSG00000147576
ADIPOQ,ENSG00000181092
ADK,ENSG00000156110
ADRB2,ENSG00000169252
ADTRP,ENSG00000111863
AFAP1,ENSG00000196526
AFAP1L2,ENSG00000169129
AFF2,ENSG00000155966
AFF3,ENSG00000144218
AFG1L,ENSG00000135537
AGA-DT,ENSG00000250131
AGAP1,ENSG00000157985
AGBL1,ENSG00000273540
AGBL2,ENSG00000165923
AGBL3,ENSG00000146856
AGBL4,ENSG00000186094
AGK-DT,ENSG00000261570
AGPAT4,ENSG00000026652
AGPAT5,ENSG00000155189
AHCYL2,ENSG00000158467
AHDC1,ENSG00000126705
AHI1,ENSG00000135541
AHI1-DT,ENSG00000231028
AHNAK,ENSG00000124942
AHR,ENSG00000106546
AHRR,ENSG00000063438
AHSG,ENSG00000145192
AHSP,ENSG00000169877
AIF1,ENSG00000204472
AIG1,ENSG00000146416
AIM2,ENSG00000163568
AJAP1,ENSG00000196581
AK1,ENSG00000106992
AK4P3,ENSG00000233381
AK5,ENSG00000154027
AK8,ENSG00000165695
AK9,ENSG00000155085
AKAP1-DT,ENSG00000263004
AKAP12,ENSG00000131016
AKAP5,ENSG00000179841
AKAP6,ENSG00000151320
AKAP7,ENSG00000118507
AKR1B1,ENSG00000085662
AKR1C3,ENSG00000196139
AKR1C7P,ENSG00000215267
AKR1C8,ENSG00000264006
ALB,ENSG00000163631
ALCAM,ENSG00000170017
ALDH18A1,ENSG00000059573
ALDH1A2,ENSG00000128918
ALDH5A1,ENSG00000112294
ALDH7A1,ENSG00000164904
ALDH8A1,ENSG00000118514
ALDOB,ENSG00000136872
ALDOC,ENSG00000109107
ALG1,ENSG00000033011
ALG14,ENSG00000172339
ALG1L1P,ENSG00000189366
ALG1L9P,ENSG00000254978
ALG9,ENSG00000086848
ALK,ENSG00000171094
ALKBH3,ENSG00000166199
ALKBH7,ENSG00000125652
ALKBH8,ENSG00000137760
ALOX12-AS1,ENSG00000267532
ALOX15,ENSG00000161905
ALOX5,ENSG00000275565
ALOX5AP,ENSG00000132965
ALPK1,ENSG00000073331
ALPK2,ENSG00000198796
ALS2,ENSG00000003393
AMDHD1,ENSG00000139344
AMIGO2,ENSG00000139211
AMN1,ENSG00000151743
AMOTL1,ENSG00000166025
AMPH,ENSG00000078053
AMT,ENSG00000145020
AMZ1,ENSG00000174945
ANGPT1,ENSG00000154188
ANGPT2,ENSG00000091879
ANK1,ENSG00000029534
ANK2,ENSG00000145362
ANK3,ENSG00000151150
ANKAR,ENSG00000151687
ANKDD1A,ENSG00000166839
ANKDD1B,ENSG00000189045
ANKFN1,ENSG00000153930
ANKH,ENSG00000154122
ANKHD1-DT,ENSG00000249637
ANKMY2,ENSG00000106524
ANKRD16,ENSG00000134461
ANKRD17-DT,ENSG00000250220
ANKRD18A,ENSG00000180071
ANKRD18CP,ENSG00000159712
ANKRD20A11P,ENSG00000215559
ANKRD20A5P,ENSG00000186481
ANKRD22,ENSG00000152766
ANKRD23,ENSG00000163126
ANKRD24,ENSG00000089847
ANKRD26,ENSG00000107890
ANKRD28,ENSG00000206560
ANKRD31,ENSG00000145700
ANKRD33B,ENSG00000164236
ANKRD36BP2,ENSG00000230006
ANKRD42,ENSG00000137494
ANKRD55,ENSG00000164512
ANKRD6,ENSG00000135299
ANKRD7,ENSG00000106013
ANKS1B,ENSG00000185046
ANKS3,ENSG00000168096
ANKS6,ENSG00000165138
ANKUB1,ENSG00000206199
ANO10,ENSG00000160746
ANO5,ENSG00000171714
ANO6,ENSG00000177119
ANOS1,ENSG00000011201
ANOS2P,ENSG00000241859
ANP32B,ENSG00000136938
ANPEP,ENSG00000166825
ANTKMT,ENSG00000103254
ANTXR2,ENSG00000163297
ANTXRLP1,ENSG00000263482
ANXA2R,ENSG00000177721
ANXA4,ENSG00000196975
ANXA5,ENSG00000164111
AOAH,ENSG00000136250
AOC1,ENSG00000002726
AOPEP,ENSG00000148120
AP1S3,ENSG00000152056
AP3M2,ENSG00000070718
AP4B1-AS1,ENSG00000226167
AP4M1,ENSG00000221838
APBA1,ENSG00000276497
APBA2,ENSG00000034053
APBB1,ENSG00000166313
APBB2,ENSG00000163697
APCDD1L-DT,ENSG00000231290
APLF,ENSG00000169621
APOA2,ENSG00000158874
APOB,ENSG00000291544
APOBEC3A,ENSG00000262156
APOBEC3H,ENSG00000100298
APOBR,ENSG00000184730
APOC1,ENSG00000130208
APOE,ENSG00000130203
APOLD1,ENSG00000178878
APOO,ENSG00000184831
APOOL,ENSG00000155008
APP,ENSG00000142192
APPBP2-DT,ENSG00000259349
APRG1,ENSG00000198590
APRT,ENSG00000198931
AQP3,ENSG00000165272
AQP7,ENSG00000165269
AQP9,ENSG00000103569
AR,ENSG00000169083
ARAP2,ENSG00000047365
ARAP3,ENSG00000120318
AREG,ENSG00000109321
ARHGAP10,ENSG00000071205
ARHGAP18,ENSG00000146376
ARHGAP19,ENSG00000213390
ARHGAP19-SLIT1,ENSG00000269891
ARHGAP20,ENSG00000137727
ARHGAP22,ENSG00000128805
ARHGAP24,ENSG00000138639
ARHGAP26,ENSG00000145819
ARHGAP29,ENSG00000137962
ARHGAP31,ENSG00000031081
ARHGAP32,ENSG00000134909
ARHGAP39,ENSG00000147799
ARHGAP42,ENSG00000165895
ARHGAP44,ENSG00000006740
ARHGAP6,ENSG00000047648
ARHGAP8,ENSG00000241484
ARHGEF10,ENSG00000104728
ARHGEF10L,ENSG00000074964
ARHGEF11,ENSG00000132694
ARHGEF12,ENSG00000196914
ARHGEF18,ENSG00000104880
ARHGEF28,ENSG00000214944
ARHGEF9,ENSG00000131089
ARID5B,ENSG00000150347
ARL11,ENSG00000152213
ARL14EP-DT,ENSG00000254532
ARL3,ENSG00000138175
ARL4C,ENSG00000188042
ARL6,ENSG00000113966
ARL6IP4,ENSG00000182196
ARMC2,ENSG00000118690
ARMC9,ENSG00000135931
ARMCX2,ENSG00000184867
ARMCX5-GPRASP2,ENSG00000286237
ARMH1,ENSG00000198520
ARNT2,ENSG00000172379
ARPC1B,ENSG00000130429
ARRB1,ENSG00000137486
ARRDC3-AS1,ENSG00000281357
ARSJ,ENSG00000180801
ARSK,ENSG00000164291
AS3MT,ENSG00000214435
ASAH1,ENSG00000104763
ASAH2B,ENSG00000204147
ASAP1,ENSG00000153317
ASIC2,ENSG00000108684
ASMTL-AS1,ENSG00000292331
ASPH,ENSG00000198363
ASPM,ENSG00000066279
ASTE1,ENSG00000034533
ASTL,ENSG00000188886
ASTN2,ENSG00000148219
ATE1OSP,ENSG00000226864
ATF5,ENSG00000169136
ATF7IP2,ENSG00000166669
ATG10,ENSG00000152348
ATG2A,ENSG00000110046
ATG9B,ENSG00000181652
ATL1,ENSG00000198513
ATP10A,ENSG00000206190
ATP10D,ENSG00000145246
ATP11C,ENSG00000101974
ATP13A2,ENSG00000159363
ATP13A3,ENSG00000133657
ATP13A3-DT,ENSG00000233058
ATP13A4,ENSG00000127249
ATP1A1-AS1,ENSG00000203865
ATP1A3,ENSG00000105409
ATP1B1,ENSG00000143153
ATP1B3,ENSG00000069849
ATP23,ENSG00000262145
ATP2B1,ENSG00000070961
ATP2B1-AS1,ENSG00000271614
ATP2B4,ENSG00000058668
ATP5F1D,ENSG00000099624
ATP5IF1,ENSG00000130770
ATP5MC1,ENSG00000159199
ATP5ME,ENSG00000169020
ATP5MJ,ENSG00000156411
ATP6AP1L,ENSG00000205464
ATP6V0D2,ENSG00000147614
ATP6V0E2,ENSG00000171130
ATP6V1E2,ENSG00000250565
ATP6V1G2,ENSG00000226850
ATP8A2,ENSG00000132932
ATP8B4,ENSG00000104043
ATP9A,ENSG00000054793
ATRNL1,ENSG00000107518
ATXN1,ENSG00000124788
ATXN7L1,ENSG00000146776
AUTS2,ENSG00000158321
AVEN,ENSG00000169857
AVIL,ENSG00000135407
AXDND1,ENSG00000162779
AZGP1,ENSG00000160862
AZIN2,ENSG00000142920
B2M,ENSG00000166710
B3GALNT2,ENSG00000282880
B3GALT1,ENSG00000172318
B3GALT1-AS1,ENSG00000235335
B3GALT2,ENSG00000162630
B3GAT1,ENSG00000109956
B3GAT1-DT,ENSG00000255545
B3GAT3,ENSG00000149541
B3GLCT,ENSG00000187676
B4GALNT3,ENSG00000139044
B4GALT5,ENSG00000158470
B4GALT6,ENSG00000118276
B9D1,ENSG00000108641
BAALC,ENSG00000164929
BACE2,ENSG00000182240
BACH1,ENSG00000156273
BACH2,ENSG00000112182
BAHD1,ENSG00000140320
BAIAP2L2,ENSG00000128298
BANK1,ENSG00000153064
BASP1,ENSG00000176788
BASP1-AS1,ENSG00000215196
BATF,ENSG00000156127
BBIP1,ENSG00000214413
BBLN,ENSG00000171159
BBOF1,ENSG00000119636
BBOX1-AS1,ENSG00000254560
BBS1,ENSG00000174483
BBS4,ENSG00000140463
BBS7,ENSG00000138686
BBS9,ENSG00000122507
BCAR3,ENSG00000137936
BCAS1,ENSG00000064787
BCAS2,ENSG00000116752
BCAS3,ENSG00000141376
BCAS4,ENSG00000124243
BCAT1,ENSG00000060982
BCKDHB,ENSG00000083123
BCL10-AS1,ENSG00000223653
BCL11A,ENSG00000119866
BCL11B,ENSG00000127152
BCL2,ENSG00000171791
BCL2L1-AS1,ENSG00000236559
BCL2L11,ENSG00000153094
BCL2L14,ENSG00000121380
BCL7A,ENSG00000110987
BCL7C,ENSG00000099385
BCL9,ENSG00000116128
BCO2,ENSG00000197580
BCORL1,ENSG00000085185
BCORP1,ENSG00000215580
BDNF-AS,ENSG00000245573
BEND5,ENSG00000162373
BEST1,ENSG00000167995
BEX2,ENSG00000133134
BEX3,ENSG00000166681
BFSP2-AS1,ENSG00000249993
BGN,ENSG00000182492
BHLHE40,ENSG00000134107
BHLHE40-AS1,ENSG00000235831
BICC1,ENSG00000122870
BICD1,ENSG00000151746
BICDL1,ENSG00000135127
BIN2,ENSG00000110934
BIRC3,ENSG00000023445
BIVM,ENSG00000134897
BLK,ENSG00000136573
BLM,ENSG00000197299
BLNK,ENSG00000095585
BLOC1S4,ENSG00000186222
BLOC1S5,ENSG00000188428
BLOC1S5-TXNDC5,ENSG00000259040
BLVRB,ENSG00000090013
BMAL2,ENSG00000029153
BMAL2-AS1,ENSG00000245311
BMERB1,ENSG00000278823
BMP2K,ENSG00000138756
BMP6,ENSG00000153162
BMPER,ENSG00000164619
BMPR1A,ENSG00000107779
BMPR1B,ENSG00000138696
BMS1P1,ENSG00000204177
BNC2,ENSG00000173068
BNIPL,ENSG00000163141
BPGM,ENSG00000172331
BRD3OS,ENSG00000235106
BRIP1,ENSG00000136492
BRMS1L,ENSG00000100916
BRPF3-AS1,ENSG00000246982
BTBD6,ENSG00000184887
BTBD8,ENSG00000189195
BTD,ENSG00000169814
BTG1-DT,ENSG00000245904
BTLA,ENSG00000186265
BTNL12P,ENSG00000293512
C10orf143,ENSG00000237489
C10orf88,ENSG00000119965
C10orf88B,ENSG00000293310
C10orf90,ENSG00000154493
C10orf95-AS1,ENSG00000269609
C11orf65,ENSG00000166323
C11orf96,ENSG00000187479
C12orf42,ENSG00000179088
C12orf57,ENSG00000111678
C12orf60,ENSG00000182993
C12orf75,ENSG00000235162
C12orf75-AS1,ENSG00000257642
C13orf46,ENSG00000283302
C14orf132,ENSG00000227051
C14orf93,ENSG00000100802
C16orf46,ENSG00000166455
C16orf54,ENSG00000185905
C16orf74,ENSG00000154102
C16orf95,ENSG00000260456
C17orf100,ENSG00000256806
C17orf99,ENSG00000187997
C19orf18,ENSG00000177025
C19orf53,ENSG00000104979
C1QA,ENSG00000173372
C1QB,ENSG00000173369
C1QC,ENSG00000159189
C1QTNF3-AMACR,ENSG00000273294
C1QTNF6,ENSG00000133466
C1QTNF7-AS1,ENSG00000249252
C1R,ENSG00000288512
C1S,ENSG00000182326
C1orf159,ENSG00000131591
C1orf21,ENSG00000116667
C1orf35,ENSG00000143793
C1orf56,ENSG00000143443
C2CD4D-AS1,ENSG00000234614
C2CD5-AS1,ENSG00000250166
C2orf74,ENSG00000237651
C2orf76,ENSG00000186132
C2orf92,ENSG00000291598
C3orf33,ENSG00000174928
C4orf50,ENSG00000181215
C5,ENSG00000106804
C5AR1,ENSG00000197405
C5orf63,ENSG00000164241
C5orf67,ENSG00000225940
C9orf153,ENSG00000187753
C9orf40,ENSG00000135045
CA11,ENSG00000063180
CA12,ENSG00000074410
CA13,ENSG00000185015
CA2,ENSG00000104267
CA3,ENSG00000164879
CA6,ENSG00000131686
CA8,ENSG00000178538
CAB39L,ENSG00000102547
CABLES1,ENSG00000134508
CABYR,ENSG00000154040
CACHD1,ENSG00000158966
CACNA1A,ENSG00000141837
CACNA1C,ENSG00000151067
CACNA1D,ENSG00000157388
CACNA1I,ENSG00000100346
CACNA2D2,ENSG00000007402
CACNB2,ENSG00000165995
CACNB4,ENSG00000182389
CACNG8,ENSG00000142408
CADM1,ENSG00000182985
CADM2,ENSG00000175161
CADPS,ENSG00000163618
CALCB,ENSG00000175868
CALCRL,ENSG00000064989
CALCRL-AS1,ENSG00000224063
CALD1,ENSG00000122786
CALHM6,ENSG00000188820
CALN1,ENSG00000183166
CALR,ENSG00000179218
CAMK1D,ENSG00000183049
CAMK2D,ENSG00000145349
CAMK2N1,ENSG00000162545
CAMK4,ENSG00000152495
CAMKK1,ENSG00000004660
CAMKMT,ENSG00000143919
CAMLG,ENSG00000164615
CAMSAP2,ENSG00000118200
CAND2,ENSG00000144712
CAPG,ENSG00000042493
CAPN1-AS1,ENSG00000254614
CAPN12,ENSG00000182472
CAPN14,ENSG00000214711
CAPN5,ENSG00000149260
CAPS2,ENSG00000180881
CARD8-AS1,ENSG00000268001
CARHSP1,ENSG00000153048
CARMIL1,ENSG00000079691
CARMIL3,ENSG00000284765
CARMN,ENSG00000249669
CASC11,ENSG00000249375
CASC2,ENSG00000177640
CASC8,ENSG00000246228
CASK,ENSG00000147044
CASP4LP,ENSG00000235505
CASP5,ENSG00000137757
CASS4,ENSG00000087589
CASTOR2,ENSG00000274070
CASTOR3P,ENSG00000291122
CATSPER2,ENSG00000166762
CATSPERB,ENSG00000133962
CATSPERE,ENSG00000179397
CAV1,ENSG00000105974
CAVIN2,ENSG00000168497
CAVIN2-AS1,ENSG00000233766
CBFA2T3,ENSG00000129993
CBR4,ENSG00000145439
CBX7,ENSG00000100307
CBY1,ENSG00000100211
CC2D1A,ENSG00000288293
CC2D2B,ENSG00000188649
CCBE1,ENSG00000183287
CCDC102B,ENSG00000150636
CCDC107,ENSG00000159884
CCDC112,ENSG00000164221
CCDC122,ENSG00000151773
CCDC125,ENSG00000183323
CCDC126,ENSG00000169193
CCDC136,ENSG00000128596
CCDC137,ENSG00000185298
CCDC138,ENSG00000163006
CCDC141,ENSG00000163492
CCDC144NL-AS1,ENSG00000233098
CCDC146,ENSG00000135205
CCDC15,ENSG00000149548
CCDC150,ENSG00000144395
CCDC152,ENSG00000198865
CCDC162P,ENSG00000203799
CCDC170,ENSG00000120262
CCDC171,ENSG00000164989
CCDC18,ENSG00000122483
CCDC180,ENSG00000197816
CCDC191,ENSG00000163617
CCDC192,ENSG00000230561
CCDC24,ENSG00000159214
CCDC26,ENSG00000229140
CCDC28A-AS1,ENSG00000279968
CCDC3,ENSG00000151468
CCDC30,ENSG00000186409
CCDC34,ENSG00000109881
CCDC50,ENSG00000152492
CCDC54-AS1,ENSG00000239828
CCDC59,ENSG00000133773
CCDC62,ENSG00000130783
CCDC7,ENSG00000216937
CCDC85B,ENSG00000175602
CCDC85C,ENSG00000205476
CCDC88A,ENSG00000115355
CCDC90B-AS1,ENSG00000255234
CCL13,ENSG00000181374
CCL17,ENSG00000102970
CCL18,ENSG00000278006
CCL19,ENSG00000172724
CCL2,ENSG00000108691
CCL21,ENSG00000137077
CCL22,ENSG00000102962
CCL24,ENSG00000106178
CCL28,ENSG00000151882
CCL3,ENSG00000274221
CCL3-AS1,ENSG00000282775
CCL4,ENSG00000277943
CCL4L2,ENSG00000293547
CCL5,ENSG00000274233
CCL7,ENSG00000108688
CCL8,ENSG00000108700
CCND1,ENSG00000110092
CCND2,ENSG00000118971
CCND3,ENSG00000112576
CCNG2,ENSG00000138764
CCNJL,ENSG00000135083
CCNT2-AS1,ENSG00000224043
CCR1,ENSG00000163823
CCR2,ENSG00000121807
CCR3,ENSG00000183625
CCR4,ENSG00000183813
CCR5,ENSG00000160791
CCR6,ENSG00000112486
CCR7,ENSG00000126353
CCSER1,ENSG00000184305
CCT6B,ENSG00000132141
CCZ1P1,ENSG00000243554
CD109,ENSG00000156535
CD14,ENSG00000170458
CD160,ENSG00000117281
CD163,ENSG00000177575
CD163L1,ENSG00000177675
CD19,ENSG00000177455
CD1B,ENSG00000158485
CD1E,ENSG00000158488
CD2,ENSG00000116824
CD200,ENSG00000091972
CD200R1,ENSG00000163606
CD22,ENSG00000012124
CD226,ENSG00000150637
CD24,ENSG00000272398
CD244,ENSG00000122223
CD247,ENSG00000198821
CD27,ENSG00000139193
CD274,ENSG00000120217
CD28,ENSG00000178562
CD300A,ENSG00000167851
CD300E,ENSG00000186407
CD320,ENSG00000167775
CD34,ENSG00000174059
CD36,ENSG00000135218
CD37,ENSG00000104894
CD38,ENSG00000004468
CD3D,ENSG00000167286
CD3E,ENSG00000198851
CD3G,ENSG00000160654
CD4,ENSG00000010610
CD40LG,ENSG00000102245
CD44,ENSG00000026508
CD48,ENSG00000117091
CD52,ENSG00000169442
CD55,ENSG00000196352
CD5L,ENSG00000073754
CD6,ENSG00000013725
CD63,ENSG00000135404
CD68,ENSG00000129226
CD69,ENSG00000110848
CD7,ENSG00000173762
CD70,ENSG00000125726
CD72,ENSG00000137101
CD74,ENSG00000019582
CD79A,ENSG00000105369
CD79B,ENSG00000007312
CD80,ENSG00000121594
CD82,ENSG00000085117
CD83,ENSG00000112149
CD86,ENSG00000114013
CD8A,ENSG00000153563
CD8B,ENSG00000172116
CD9,ENSG00000010278
CD93,ENSG00000125810
CD96,ENSG00000153283
CDAN1,ENSG00000140326
CDC14A,ENSG00000079335
CDC14B,ENSG00000081377
CDC37L1,ENSG00000106993
CDC42-AS1,ENSG00000285752
CDC42BPA,ENSG00000143776
CDC7,ENSG00000097046
CDCA7L,ENSG00000164649
CDH1,ENSG00000039068
CDH12,ENSG00000154162
CDH13,ENSG00000140945
CDH19,ENSG00000071991
CDH20,ENSG00000101542
CDH26,ENSG00000124215
CDH3,ENSG00000062038
CDH4,ENSG00000280641
CDH5,ENSG00000179776
CDH9,ENSG00000113100
CDHR1,ENSG00000148600
CDHR3,ENSG00000128536
CDIN1,ENSG00000186073
CDK14,ENSG00000058091
CDK6,ENSG00000105810
CDK6-AS1,ENSG00000237819
CDK7,ENSG00000277273
CDKL3,ENSG00000006837
CDKL4,ENSG00000205111
CDKN2B-AS1,ENSG00000240498
CDKN2D,ENSG00000129355
CDNF,ENSG00000185267
CDON,ENSG00000064309
CDRT4,ENSG00000239704
CDS1,ENSG00000163624
CDYL2,ENSG00000166446
CEACAM1,ENSG00000079385
CEACAM16-AS1,ENSG00000266903
CEBPB,ENSG00000172216
CEBPB-AS1,ENSG00000277449
CEBPD,ENSG00000221869
CECR2,ENSG00000099954
CELF6,ENSG00000140488
CELSR1,ENSG00000075275
CELSR2,ENSG00000143126
CEMIP,ENSG00000103888
CENPE,ENSG00000138778
CENPF,ENSG00000117724
CENPP,ENSG00000291348
CENPQ,ENSG00000031691
CENPV,ENSG00000166582
CEP112,ENSG00000154240
CEP126,ENSG00000110318
CEP128,ENSG00000100629
CEP162,ENSG00000135315
CEP164P1,ENSG00000226937
CEP19,ENSG00000174007
CEP57L1,ENSG00000183137
CEP70,ENSG00000114107
CEP78,ENSG00000148019
CEP89,ENSG00000121289
CEP97,ENSG00000182504
CERNA1,ENSG00000259577
CERS3,ENSG00000154227
CERS4,ENSG00000090661
CERS6,ENSG00000172292
CFAP161,ENSG00000156206
CFAP20DC,ENSG00000163689
CFAP20DC-DT,ENSG00000243295
CFAP298-TCP10L,ENSG00000265590
CFAP299,ENSG00000197826
CFAP36,ENSG00000163001
CFAP418-AS1,ENSG00000253773
CFAP44,ENSG00000206530
CFAP54,ENSG00000188596
CFAP61,ENSG00000089101
CFAP70,ENSG00000156042
CFAP91,ENSG00000183833
CFAP97D2,ENSG00000283361
CFD,ENSG00000197766
CFH,ENSG00000000971
CFLAR,ENSG00000003402
CHCHD10,ENSG00000273607
CHCHD6,ENSG00000159685
CHGA,ENSG00000276781
CHI3L2,ENSG00000064886
CHIC1,ENSG00000204116
CHIT1,ENSG00000133063
CHKB-DT,ENSG00000205559
CHL1,ENSG00000134121
CHMP1B2P,ENSG00000278530
CHN1,ENSG00000128656
CHN2,ENSG00000106069
CHODL,ENSG00000154645
CHPT1,ENSG00000111666
CHRM3,ENSG00000133019
CHRM3-AS2,ENSG00000233355
CHRNE,ENSG00000108556
CHST15,ENSG00000182022
CHSY3,ENSG00000198108
CHURC1-FNTB,ENSG00000125954
CIBAR1-DT,ENSG00000246662
CIITA,ENSG00000179583
CILK1,ENSG00000112144
CISD1,ENSG00000122873
CISH,ENSG00000114737
CIT,ENSG00000122966
CKAP2,ENSG00000136108
CKM,ENSG00000104879
CKMT2-AS1,ENSG00000247572
CLC,ENSG00000105205
CLCA4-AS1,ENSG00000236915
CLCN4,ENSG00000073464
CLDN12,ENSG00000157224
CLDN14-AS1,ENSG00000230479
CLDN5,ENSG00000184113
CLDND1,ENSG00000080822
CLEC10A,ENSG00000132514
CLEC11A,ENSG00000105472
CLEC12A,ENSG00000172322
CLEC14A,ENSG00000176435
CLEC17A,ENSG00000187912
CLEC4C,ENSG00000198178
CLEC4F,ENSG00000152672
CLEC5A,ENSG00000258227
CLEC7A,ENSG00000172243
CLECL1P,ENSG00000184293
CLHC1,ENSG00000162994
CLIC3,ENSG00000169583
CLIC4,ENSG00000169504
CLIC5,ENSG00000112782
CLIC6,ENSG00000159212
CLMN,ENSG00000165959
CLMP,ENSG00000166250
CLNK,ENSG00000109684
CLSPN,ENSG00000092853
CLSTN3,ENSG00000139182
CLTCL1,ENSG00000070371
CLU,ENSG00000120885
CLUAP1,ENSG00000103351
CLVS1,ENSG00000177182
CLYBL,ENSG00000125246
CMAHP,ENSG00000293489
CMKLR1,ENSG00000174600
CMSS1,ENSG00000184220
CMTM1,ENSG00000089505
CMTM4,ENSG00000183723
CMTM6,ENSG00000091317
CMTM8,ENSG00000170293
CMYA5,ENSG00000164309
CNBD1,ENSG00000176571
CNBD2,ENSG00000149646
CNIH3,ENSG00000143786
CNKSR2,ENSG00000149970
CNKSR3,ENSG00000153721
CNN2,ENSG00000064666
CNN3,ENSG00000117519
CNNM2,ENSG00000148842
CNNM4,ENSG00000158158
CNPY3,ENSG00000137161
CNPY4,ENSG00000166997
CNR1,ENSG00000118432
CNR2,ENSG00000188822
CNTN5,ENSG00000149972
CNTNAP2,ENSG00000174469
CNTNAP5,ENSG00000155052
COBL,ENSG00000106078
COBLL1,ENSG00000082438
COCH,ENSG00000100473
COL14A1,ENSG00000187955
COL18A1,ENSG00000292234
COL19A1,ENSG00000082293
COL1A1,ENSG00000108821
COL1A2,ENSG00000164692
COL23A1,ENSG00000050767
COL24A1,ENSG00000171502
COL25A1,ENSG00000188517
COL26A1,ENSG00000160963
COL28A1,ENSG00000215018
COL3A1,ENSG00000291748
COL4A1,ENSG00000187498
COL4A2,ENSG00000134871
COL4A3,ENSG00000169031
COL4A4,ENSG00000081052
COL5A1,ENSG00000130635
COL5A2,ENSG00000204262
COL5A3,ENSG00000080573
COL6A1,ENSG00000142156
COL6A2,ENSG00000142173
COL6A3,ENSG00000163359
COLEC12,ENSG00000158270
COLGALT2,ENSG00000198756
COLQ,ENSG00000206561
COMMD1,ENSG00000173163
COMMD6,ENSG00000188243
COMTD1,ENSG00000165644
COP1-DT,ENSG00000236021
COPB2-DT,ENSG00000248932
COPG2,ENSG00000158623
COPS8-DT,ENSG00000227252
COPS9,ENSG00000172428
COQ10A,ENSG00000135469
COQ3,ENSG00000132423
COQ8A,ENSG00000163050
CORIN,ENSG00000145244
CORO1A,ENSG00000102879
CORO2A,ENSG00000106789
CORO2B,ENSG00000103647
COTL1,ENSG00000103187
COX10-DT,ENSG00000236088
COX6A1,ENSG00000111775
COX6B1,ENSG00000126267
CPA3,ENSG00000163751
CPA6,ENSG00000165078
CPAMD8,ENSG00000160111
CPEB1,ENSG00000214575
CPEB2,ENSG00000137449
CPEB2-DT,ENSG00000247624
CPED1,ENSG00000106034
CPLANE1,ENSG00000197603
CPM,ENSG00000135678
CPNE4,ENSG00000196353
CPNE5,ENSG00000124772
CPPED1,ENSG00000103381
CPQ,ENSG00000104324
CPS1,ENSG00000021826
CPVL,ENSG00000106066
CPVL-AS2,ENSG00000272568
CR1,ENSG00000203710
CR2,ENSG00000117322
CRABP1,ENSG00000166426
CRACD,ENSG00000109265
CRACDL,ENSG00000196872
CRADD,ENSG00000169372
CRAT37,ENSG00000258551
CRB1,ENSG00000134376
CREB5,ENSG00000146592
CREG1,ENSG00000143162
CREM,ENSG00000095794
CRHBP,ENSG00000145708
CRIM1,ENSG00000277354
CRIP1,ENSG00000213145
CRISPLD2,ENSG00000103196
CRLF1,ENSG00000006016
CRLF2,ENSG00000205755
CROCC,ENSG00000058453
CROT,ENSG00000005469
CRPPA,ENSG00000214960
CRTAM,ENSG00000109943
CRTC3-AS1,ENSG00000259736
CRY1,ENSG00000008405
CRYBG2,ENSG00000176092
CRYL1,ENSG00000165475
CSF1,ENSG00000184371
CSF1R,ENSG00000182578
CSF2RA,ENSG00000292357
CSF2RB,ENSG00000100368
CSF3R,ENSG00000119535
CSGALNACT1,ENSG00000147408
CSKMT,ENSG00000214756
CSMD1,ENSG00000183117
CSMD3,ENSG00000164796
CST3,ENSG00000101439
CST7,ENSG00000077984
CSTA,ENSG00000121552
CSTB,ENSG00000160213
CSTF3-DT,ENSG00000247151
CSTPP1,ENSG00000149179
CTBP1-AS,ENSG00000280927
CTBP1-DT,ENSG00000196810
CTBP2,ENSG00000175029
CTDP1-DT,ENSG00000282606
CTDSPL,ENSG00000144677
CTLA4,ENSG00000163599
CTNNA2,ENSG00000066032
CTNNA3,ENSG00000183230
CTNNAL1,ENSG00000119326
CTNNBIP1,ENSG00000178585
CTNNBL1,ENSG00000132792
CTNND2,ENSG00000169862
CTPS2,ENSG00000047230
CTSB,ENSG00000164733
CTSC,ENSG00000109861
CTSD,ENSG00000117984
CTSF,ENSG00000174080
CTSG,ENSG00000100448
CTSH,ENSG00000103811
CTSL,ENSG00000135047
CTSS,ENSG00000163131
CTSW,ENSG00000172543
CTSZ,ENSG00000101160
CTTNBP2,ENSG00000077063
CUBN,ENSG00000107611
CUTA,ENSG00000112514
CUX2,ENSG00000111249
CX3CR1,ENSG00000168329
CXADR,ENSG00000154639
CXCL1,ENSG00000163739
CXCL10,ENSG00000169245
CXCL11,ENSG00000169248
CXCL13,ENSG00000156234
CXCL14,ENSG00000145824
CXCL16,ENSG00000161921
CXCL2,ENSG00000081041
CXCL3,ENSG00000163734
CXCL5,ENSG00000163735
CXCL8,ENSG00000169429
CXCL9,ENSG00000138755
CXCR2,ENSG00000180871
CXCR3,ENSG00000186810
CXCR4,ENSG00000121966
CXCR5,ENSG00000160683
CXCR6,ENSG00000172215
CYB561A3,ENSG00000162144
CYB5D2,ENSG00000167740
CYB5RL,ENSG00000215883
CYBA,ENSG00000051523
CYBB,ENSG00000165168
CYP1B1,ENSG00000138061
CYP1B1-AS1,ENSG00000232973
CYP27A1,ENSG00000135929
CYP2E1,ENSG00000130649
CYP2R1,ENSG00000186104
CYP2U1,ENSG00000155016
CYP46A1,ENSG00000036530
CYP4F22,ENSG00000171954
CYP7B1,ENSG00000172817
CYRIA,ENSG00000197872
CYSLTR1,ENSG00000173198
CYSLTR2,ENSG00000152207
CYSTM1,ENSG00000120306
CYTH3,ENSG00000008256
CYTIP,ENSG00000115165
CYTOR,ENSG00000222041
CYYR1,ENSG00000166265
D2HGDH,ENSG00000180902
DAAM1,ENSG00000100592
DAB1,ENSG00000173406
DAB2,ENSG00000153071
DACH1,ENSG00000276644
DACT1,ENSG00000165617
DALRD3,ENSG00000178149
DANT2,ENSG00000235244
DAPK1,ENSG00000196730
DAPK2,ENSG00000035664
DAPP1,ENSG00000070190
DARS1-AS1,ENSG00000231890
DBF4,ENSG00000006634
DBN1,ENSG00000113758
DCBLD2,ENSG00000057019
DCC,ENSG00000187323
DCDC1,ENSG00000170959
DCN,ENSG00000011465
DCP1B,ENSG00000284850
DCPS,ENSG00000110063
DCTN6-DT,ENSG00000271869
DCUN1D3,ENSG00000188215
DCXR,ENSG00000169738
DDAH1,ENSG00000153904
DDIT4,ENSG00000168209
DDR2,ENSG00000162733
DDT,ENSG00000275003
DDX11-AS1,ENSG00000245614
DDX19B,ENSG00000157349
DDX51,ENSG00000185163
DDX60L,ENSG00000181381
DELEC1,ENSG00000173077
DENND1B,ENSG00000213047
DENND2A,ENSG00000146966
DENND2B,ENSG00000166444
DENND2C,ENSG00000175984
DENND2D,ENSG00000162777
DENND5B,ENSG00000170456
DENND5B-AS1,ENSG00000255867
DEPDC1B,ENSG00000035499
DEPDC4,ENSG00000166153
DEPTOR,ENSG00000155792
DES,ENSG00000175084
DET1,ENSG00000140543
DGKD,ENSG00000077044
DGKG,ENSG00000058866
DGKH,ENSG00000102780
DGKK,ENSG00000274588
DHRS3,ENSG00000162496
DHRS4-AS1,ENSG00000285282
DHRS4L2,ENSG00000292270
DHRS7B,ENSG00000109016
DHRS9,ENSG00000073737
DHX32,ENSG00000089876
DIAPH3,ENSG00000139734
DICER1-AS1,ENSG00000235706
DIMT1,ENSG00000086189
DIP2C,ENSG00000151240
DIPK1A,ENSG00000154511
DIRC3,ENSG00000231672
DIS3L-AS1,ENSG00000277844
DISC1,ENSG00000162946
DISC1FP1,ENSG00000261645
DISP1,ENSG00000154309
DIXDC1,ENSG00000150764
DKK2,ENSG00000155011
DKK3,ENSG00000050165
DKKL1,ENSG00000104901
DLC1,ENSG00000164741
DLEC1,ENSG00000008226
DLEU1,ENSG00000176124
DLG2,ENSG00000150672
DLG3,ENSG00000082458
DLG5,ENSG00000274429
DLGAP1,ENSG00000170579
DLGAP1-AS1,ENSG00000177337
DLGAP2,ENSG00000198010
DLGAP4-AS1,ENSG00000232907
DLK1,ENSG00000185559
DMD,ENSG00000198947
DMGDH,ENSG00000132837
DMPK,ENSG00000104936
DMXL1-DT,ENSG00000249494
DMXL2,ENSG00000104093
DNAAF10,ENSG00000243667
DNAAF11,ENSG00000129295
DNAAF4,ENSG00000256061
DNAH11,ENSG00000105877
DNAH12,ENSG00000174844
DNAH14,ENSG00000185842
DNAH17,ENSG00000187775
DNAH6,ENSG00000115423
DNAH7,ENSG00000118997
DNAH8,ENSG00000124721
DNAI2,ENSG00000171595
DNAI3,ENSG00000162643
DNAI4,ENSG00000152763
DNAI7,ENSG00000118307
DNAJA3,ENSG00000276726
DNAJC18,ENSG00000170464
DNAJC27,ENSG00000115137
DNAJC27-AS1,ENSG00000224165
DNAJC3-DT,ENSG00000247400
DNAJC4,ENSG00000110011
DNAJC6,ENSG00000116675
DNASE1L3,ENSG00000163687
DNER,ENSG00000187957
DNLZ,ENSG00000213221
DNM3,ENSG00000197959
DNMBP,ENSG00000107554
DNPH1,ENSG00000112667
DOCK1,ENSG00000150760
DOCK10,ENSG00000135905
DOCK3,ENSG00000088538
DOCK4,ENSG00000128512
DOCK5,ENSG00000147459
DOCK6,ENSG00000130158
DOCK9,ENSG00000088387
DPEP2,ENSG00000167261
DPF3,ENSG00000205683
DPH5,ENSG00000117543
DPH5-DT,ENSG00000233184
DPH6,ENSG00000134146
DPH6-DT,ENSG00000248079
DPM3,ENSG00000179085
DPP10,ENSG00000175497
DPP4,ENSG00000197635
DPY19L1P1,ENSG00000229358
DPY19L2,ENSG00000177990
DPY19L2P2,ENSG00000282026
DPY19L2P3,ENSG00000227855
DPY19L3,ENSG00000178904
DPYSL3,ENSG00000113657
DRAIC,ENSG00000245750
DRAM1,ENSG00000136048
DRAXIN,ENSG00000162490
DRD3,ENSG00000151577
DRICH1,ENSG00000189269
DSCAML1,ENSG00000177103
DSE,ENSG00000111817
DSP,ENSG00000096696
DST,ENSG00000151914
DTHD1,ENSG00000197057
DTL,ENSG00000143476
DTNA,ENSG00000134769
DTNB,ENSG00000138101
DTWD2,ENSG00000169570
DTX1,ENSG00000135144
DTX3,ENSG00000178498
DTX4,ENSG00000110042
DUS1L,ENSG00000169718
DUSP16,ENSG00000111266
DUSP18,ENSG00000167065
DUSP2,ENSG00000158050
DUSP4,ENSG00000120875
DUSP5,ENSG00000138166
DUSP6,ENSG00000139318
DUSP8,ENSG00000291431
DUT,ENSG00000128951
DYNC1I1,ENSG00000158560
DYNC2H1,ENSG00000187240
DYNLRB2-AS1,ENSG00000259867
DYNLT2B,ENSG00000213123
DYRK1B,ENSG00000105204
DYSF,ENSG00000135636
DYTN,ENSG00000232125
DZANK1,ENSG00000089091
E2F5,ENSG00000133740
EAF2,ENSG00000145088
EBAG9,ENSG00000147654
EBF1,ENSG00000164330
EBF4,ENSG00000088881
EBPL,ENSG00000123179
ECE1,ENSG00000117298
ECI2,ENSG00000198721
ECT2L,ENSG00000203734
EDA,ENSG00000158813
EDAR,ENSG00000135960
EDARADD,ENSG00000186197
EDN1,ENSG00000078401
EDNRB,ENSG00000136160
EDNRB-AS1,ENSG00000225579
EEF1A1-AS1,ENSG00000229862
EEF1AKMT1,ENSG00000150456
EEF1B2,ENSG00000114942
EEF1G,ENSG00000254772
EEPD1,ENSG00000122547
EFCAB10,ENSG00000185055
EFCAB11,ENSG00000140025
EFCAB12,ENSG00000172771
EFCAB13,ENSG00000178852
EFCAB5,ENSG00000176927
EFCAB6,ENSG00000186976
EFCAB7,ENSG00000203965
EFCAB8,ENSG00000215529
EFHC2,ENSG00000183690
EFHD1,ENSG00000115468
EFNA5,ENSG00000184349
EGFEM1P,ENSG00000206120
EGFL7,ENSG00000172889
EGFL8,ENSG00000241404
EGLN3,ENSG00000129521
EGR1,ENSG00000120738
EGR2,ENSG00000122877
EGR3,ENSG00000179388
EHBP1,ENSG00000115504
EHD3,ENSG00000013016
EHF,ENSG00000135373
EHHADH,ENSG00000113790
EHMT2,ENSG00000224143
EID2,ENSG00000176396
EIF1B,ENSG00000114784
EIF3E,ENSG00000104408
EIF3J-DT,ENSG00000179523
EIF5A2,ENSG00000163577
ELAPOR1,ENSG00000116299
ELAPOR2,ENSG00000164659
ELL2,ENSG00000118985
ELL3,ENSG00000128886
ELOA-AS1,ENSG00000236810
ELOB,ENSG00000103363
ELOVL4,ENSG00000118402
ELOVL6,ENSG00000170522
ELOVL7,ENSG00000164181
ELP4,ENSG00000109911
EMC1-AS1,ENSG00000230424
EMC3,ENSG00000125037
EMCN,ENSG00000164035
EMID1,ENSG00000186998
EMILIN2,ENSG00000132205
EML4-AS1,ENSG00000224875
EML5,ENSG00000165521
EML6,ENSG00000214595
EMP1,ENSG00000134531
ENAH,ENSG00000154380
ENC1,ENSG00000171617
ENDOD1,ENSG00000149218
ENG,ENSG00000106991
ENKD1,ENSG00000124074
ENO2,ENSG00000111674
ENOX1,ENSG00000120658
ENOX2,ENSG00000165675
ENPP1,ENSG00000197594
ENPP2,ENSG00000136960
ENPP3,ENSG00000154269
ENPP5,ENSG00000112796
ENPP7P4,ENSG00000241278
ENPP7P7,ENSG00000273819
ENTHD1,ENSG00000176177
ENTPD1,ENSG00000138185
ENTPD1-AS1,ENSG00000226688
ENTPD3-AS1,ENSG00000280739
ENTREP2,ENSG00000104059
EOMES,ENSG00000163508
EPAS1,ENSG00000116016
EPB41L1,ENSG00000088367
EPB41L2,ENSG00000079819
EPB41L3,ENSG00000082397
EPB41L4A,ENSG00000129595
EPB41L5,ENSG00000115109
EPB42,ENSG00000166947
EPHA1,ENSG00000284816
EPHA1-AS1,ENSG00000229153
EPHA4,ENSG00000116106
EPHB1,ENSG00000154928
EPHB2,ENSG00000133216
EPHB6,ENSG00000275482
EPHX2,ENSG00000120915
EPM2A,ENSG00000112425
EPM2A-DT,ENSG00000235652
EPN2,ENSG00000072134
EPPK1,ENSG00000261150
EPS15-AS1,ENSG00000227070
EPS8,ENSG00000151491
ERBB2,ENSG00000141736
ERBB3,ENSG00000065361
ERBB4,ENSG00000178568
ERBIN,ENSG00000112851
ERC2,ENSG00000187672
ERCC6L,ENSG00000186871
ERCC6L2-AS1,ENSG00000175611
ERCC8,ENSG00000049167
EREG,ENSG00000124882
ERFL,ENSG00000268041
ERG,ENSG00000157554
ERI1,ENSG00000104626
ERI2,ENSG00000196678
ERICH3,ENSG00000178965
ERICH6-AS1,ENSG00000240137
ERMP1,ENSG00000099219
ERN1,ENSG00000178607
ERP27,ENSG00000139055
ERP29,ENSG00000089248
ERVK3-1,ENSG00000142396
ESAM,ENSG00000149564
ESR1,ENSG00000091831
ESR2,ENSG00000140009
ESRRB,ENSG00000119715
ETFB,ENSG00000105379
ETFDH,ENSG00000171503
ETFRF1,ENSG00000205707
ETS2,ENSG00000157557
ETV3,ENSG00000117036
EVA1C,ENSG00000166979
EVC2,ENSG00000173040
EVI5L,ENSG00000142459
EVL,ENSG00000196405
EXD3,ENSG00000187609
EXO5-DT,ENSG00000238287
EXOC3-AS1,ENSG00000221990
EXOC5,ENSG00000070367
EXOSC1,ENSG00000171311
EXPH5,ENSG00000110723
EXT1,ENSG00000182197
EYA2,ENSG00000064655
EYA4,ENSG00000112319
EYS,ENSG00000188107
F13A1,ENSG00000124491
F2R,ENSG00000181104
F5,ENSG00000198734
F8,ENSG00000185010
FA2H,ENSG00000103089
FAAH2,ENSG00000165591
FAAHP1,ENSG00000232022
FAAP24,ENSG00000131944
FABP1,ENSG00000163586
FABP4,ENSG00000170323
FADS1,ENSG00000149485
FADS3,ENSG00000221968
FALEC,ENSG00000228126
FAM110B,ENSG00000169122
FAM111B,ENSG00000189057
FAM117A,ENSG00000121104
FAM117B,ENSG00000138439
FAM131B-AS2,ENSG00000232533
FAM13A,ENSG00000138640
FAM149A,ENSG00000109794
FAM151B,ENSG00000152380
FAM151B-DT,ENSG00000249042
FAM153A,ENSG00000170074
FAM161A,ENSG00000170264
FAM162A,ENSG00000114023
FAM167A,ENSG00000292288
FAM169A,ENSG00000198780
FAM171A1,ENSG00000148468
FAM174A,ENSG00000174132
FAM174A-DT,ENSG00000247877
FAM174B,ENSG00000185442
FAM174C,ENSG00000310576
FAM177B,ENSG00000197520
FAM178B,ENSG00000168754
FAM182A,ENSG00000125804
FAM182B,ENSG00000175170
FAM184A,ENSG00000111879
FAM185A,ENSG00000222011
FAM20A,ENSG00000108950
FAM20C,ENSG00000281429
FAM210A,ENSG00000177150
FAM216A,ENSG00000204856
FAM227B,ENSG00000166262
FAM229B,ENSG00000203778
FAM241A,ENSG00000174749
FAM24B,ENSG00000213185
FAM30A,ENSG00000277059
FAM3A,ENSG00000071889
FAM43A,ENSG00000185112
FAM66C,ENSG00000226711
FAM66D,ENSG00000255052
FAM78B,ENSG00000188859
FAM86EP,ENSG00000251669
FAM89A,ENSG00000182118
FAM89B,ENSG00000176973
FAM98C,ENSG00000130244
FAM9B,ENSG00000177138
FANCB,ENSG00000181544
FANCC,ENSG00000158169
FANCD2,ENSG00000144554
FANCI,ENSG00000140525
FANK1,ENSG00000203780
FAR2,ENSG00000064763
FARP1,ENSG00000152767
FASLG,ENSG00000117560
FAT4,ENSG00000196159
FBF1,ENSG00000188878
FBLN1,ENSG00000077942
FBLN5,ENSG00000140092
FBLN7,ENSG00000144152
FBN1,ENSG00000166147
FBN2,ENSG00000138829
FBP1,ENSG00000165140
FBXL13,ENSG00000161040
FBXL16,ENSG00000127585
FBXO10,ENSG00000147912
FBXO15,ENSG00000141665
FBXO2,ENSG00000116661
FBXO32,ENSG00000156804
FBXO36,ENSG00000153832
FBXO38-DT,ENSG00000247199
FCER1A,ENSG00000179639
FCER1G,ENSG00000158869
FCER2,ENSG00000104921
FCGBP,ENSG00000281123
FCGR2A,ENSG00000143226
FCGR2B,ENSG00000072694
FCGR2C,ENSG00000244682
FCGR3A,ENSG00000203747
FCGRT,ENSG00000104870
FCHO1,ENSG00000130475
FCHSD2,ENSG00000137478
FCMR,ENSG00000162894
FCN1,ENSG00000085265
FCRL1,ENSG00000163534
FCRL2,ENSG00000132704
FCRL3,ENSG00000160856
FCRL5,ENSG00000143297
FCRL6,ENSG00000181036
FCRLA,ENSG00000132185
FER,ENSG00000151422
FES,ENSG00000182511
FEZ1,ENSG00000149557
FFAR2,ENSG00000126262
FGD4,ENSG00000139132
FGD6,ENSG00000180263
FGF12,ENSG00000114279
FGF13,ENSG00000129682
FGF14,ENSG00000102466
FGF9,ENSG00000102678
FGFBP2,ENSG00000137441
FGFR1,ENSG00000077782
FGFR2,ENSG00000066468
FGGY,ENSG00000172456
FGL2,ENSG00000127951
FGR,ENSG00000000938
FHAD1,ENSG00000142621
FHAD1-AS1,ENSG00000233485
FHIP1A,ENSG00000164142
FHIT,ENSG00000189283
FHL1,ENSG00000022267
FILIP1,ENSG00000118407
FIRRE,ENSG00000213468
FKBP11,ENSG00000134285
FKBP1B,ENSG00000119782
FLACC1,ENSG00000155749
FLJ46284,ENSG00000248858
FLNB,ENSG00000136068
FLRT2,ENSG00000185070
FLT1,ENSG00000102755
FLT3,ENSG00000122025
FLT4,ENSG00000037280
FLVCR1-DT,ENSG00000198468
FLVCR2,ENSG00000119686
FLYWCH1,ENSG00000059122
FLYWCH2,ENSG00000162076
FMC1,ENSG00000164898
FMN1,ENSG00000248905
FMNL2,ENSG00000157827
FMO4,ENSG00000076258
FMO5,ENSG00000131781
FMOD,ENSG00000122176
FN1,ENSG00000115414
FNBP1L,ENSG00000137942
FNDC3B,ENSG00000075420
FNIP2,ENSG00000052795
FNTB,ENSG00000257365
FOCAD,ENSG00000188352
FOLR2,ENSG00000165457
FOS,ENSG00000170345
FOXO1,ENSG00000150907
FOXO3,ENSG00000118689
FOXP2,ENSG00000128573
FOXP3,ENSG00000049768
FOXP4-AS1,ENSG00000234753
FPGT,ENSG00000254685
FPR3,ENSG00000187474
FRAS1,ENSG00000138759
FREM1,ENSG00000164946
FRG1-DT,ENSG00000281787
FRMD3,ENSG00000172159
FRMD4A,ENSG00000151474
FRMD4B,ENSG00000114541
FRMD5,ENSG00000171877
FRMD6,ENSG00000139926
FRMPD3,ENSG00000147234
FRMPD4,ENSG00000169933
FRY,ENSG00000073910
FSCN1,ENSG00000075618
FSD1,ENSG00000105255
FSD1L,ENSG00000106701
FSIP1,ENSG00000150667
FSIP2-AS1,ENSG00000231646
FSTL1,ENSG00000163430
FSTL4,ENSG00000053108
FSTL5,ENSG00000168843
FTCDNL1,ENSG00000226124
FTH1,ENSG00000167996
FTL,ENSG00000087086
FUCA1,ENSG00000179163
FURIN,ENSG00000140564
FUT8,ENSG00000033170
FXN,ENSG00000165060
FXYD2,ENSG00000137731
FXYD5,ENSG00000089327
FXYD6,ENSG00000137726
FXYD7,ENSG00000221946
FYB1,ENSG00000082074
FYN,ENSG00000010810
FZD3,ENSG00000104290
G0S2,ENSG00000123689
GAB1,ENSG00000109458
GAB2,ENSG00000033327
GABARAPL1,ENSG00000139112
GAL3ST4,ENSG00000197093
GALM,ENSG00000143891
GALNT12,ENSG00000119514
GALNT14,ENSG00000158089
GALNT18,ENSG00000110328
GALNT2,ENSG00000143641
GALNT3,ENSG00000115339
GALNT7-DT,ENSG00000245213
GALNT8,ENSG00000130035
GALNTL6,ENSG00000174473
GAMT,ENSG00000130005
GAREM1,ENSG00000141441
GARNL3,ENSG00000136895
GAS2,ENSG00000148935
GAS2L3,ENSG00000139354
GAS7,ENSG00000007237
GATA2,ENSG00000179348
GATA2-AS1,ENSG00000244300
GATA3,ENSG00000107485
GATB,ENSG00000059691
GATD1-DT,ENSG00000255284
GBE1,ENSG00000114480
GBP1,ENSG00000117228
GBP4,ENSG00000162654
GBP5,ENSG00000154451
GCC2-AS1,ENSG00000214184
GCDH,ENSG00000105607
GCH1,ENSG00000131979
GCHFR,ENSG00000137880
GCLM,ENSG00000023909
GCNA,ENSG00000147174
GCNT1,ENSG00000187210
GCNT2,ENSG00000111846
GCNT4,ENSG00000176928
GCSAML,ENSG00000169224
GDAP1,ENSG00000104381
GDF11,ENSG00000135414
GDPD1,ENSG00000153982
GDPD5,ENSG00000158555
GEMIN5,ENSG00000082516
GEMIN7-AS1,ENSG00000267348
GEN1,ENSG00000178295
GFI1,ENSG00000162676
GFOD1,ENSG00000145990
GFOD2,ENSG00000141098
GFPT2,ENSG00000131459
GFRA2,ENSG00000168546
GFUS,ENSG00000104522
GGACT,ENSG00000134864
GGNBP1,ENSG00000204188
GGT5,ENSG00000099998
GGT7,ENSG00000131067
GIHCG,ENSG00000262349
GIMAP4,ENSG00000133574
GIMAP5,ENSG00000196329
GIMAP7,ENSG00000179144
GIPR,ENSG00000010310
GK,ENSG00000198814
GK5,ENSG00000175066
GKAP1,ENSG00000165113
GLB1L2,ENSG00000149328
GLB1L3,ENSG00000166105
GLCCI1,ENSG00000106415
GLCE,ENSG00000138604
GLDC,ENSG00000178445
GLI3,ENSG00000106571
GLIPR1L2,ENSG00000180481
GLIS3,ENSG00000107249
GLO1,ENSG00000124767
GLP1R,ENSG00000112164
GLS2,ENSG00000135423
GLT1D1,ENSG00000151948
GLTP,ENSG00000139433
GLUL,ENSG00000135821
GML,ENSG00000104499
GMPR,ENSG00000137198
GNA13,ENSG00000120063
GNA14,ENSG00000156049
GNAI1,ENSG00000127955
GNAL,ENSG00000141404
GNAO1,ENSG00000087258
GNAO1-DT,ENSG00000246379
GNAQ,ENSG00000156052
GNAS-AS1,ENSG00000235590
GNAZ,ENSG00000128266
GNB5,ENSG00000069966
GNG11,ENSG00000127920
GNG2,ENSG00000186469
GNG4,ENSG00000168243
GNG7,ENSG00000176533
GNL1,ENSG00000229470
GNLY,ENSG00000115523
GOLGA6L9,ENSG00000197978
GOLGA7B-DT,ENSG00000227356
GOLGA8M,ENSG00000188626
GOLGA8N,ENSG00000283589
GOLIM4,ENSG00000173905
GOLM1,ENSG00000135052
GOT1,ENSG00000120053
GP6,ENSG00000276065
GP9,ENSG00000169704
GPA33,ENSG00000143167
GPAT3,ENSG00000138678
GPAT4-AS1,ENSG00000253133
GPATCH11,ENSG00000152133
GPC2,ENSG00000213420
GPC3,ENSG00000147257
GPC5,ENSG00000179399
GPC6,ENSG00000183098
GPD1L,ENSG00000152642
GPHN,ENSG00000171723
GPLD1,ENSG00000112293
GPM6A,ENSG00000150625
GPM6B,ENSG00000046653
GPNMB,ENSG00000136235
GPR135,ENSG00000181619
GPR137C,ENSG00000180998
GPR141,ENSG00000187037
GPR15,ENSG00000154165
GPR155,ENSG00000163328
GPR157,ENSG00000180758
GPR160,ENSG00000173890
GPR171,ENSG00000174946
GPR183,ENSG00000169508
GPR19,ENSG00000183150
GPR39,ENSG00000183840
GPR55,ENSG00000135898
GPR63,ENSG00000112218
GPR65,ENSG00000140030
GPR68,ENSG00000119714
GPR85,ENSG00000164604
GPRASP1,ENSG00000198932
GPRASP3,ENSG00000198908
GPRC5D-AS1,ENSG00000247498
GPRIN3,ENSG00000185477
GPX1,ENSG00000233276
GPX3,ENSG00000211445
GRAMD1B,ENSG00000023171
GRAMD1C,ENSG00000178075
GRAMD2B,ENSG00000155324
GRAP2,ENSG00000100351
GRB10,ENSG00000106070
GRB2,ENSG00000177885
GREB1,ENSG00000196208
GREM2,ENSG00000180875
GRIA1,ENSG00000155511
GRIA4,ENSG00000152578
GRID2,ENSG00000152208
GRID2IP,ENSG00000215045
GRIK2,ENSG00000164418
GRIK4,ENSG00000149403
GRIN2B,ENSG00000273079
GRIP1,ENSG00000155974
GRK3,ENSG00000100077
GRK4,ENSG00000125388
GRK5,ENSG00000198873
GRK7,ENSG00000114124
GRM3,ENSG00000198822
GRM7,ENSG00000196277
GRM8,ENSG00000179603
GRN,ENSG00000030582
GRPEL2-AS1,ENSG00000253618
GSAP,ENSG00000186088
GSDMA,ENSG00000167914
GSE1,ENSG00000131149
GSEC,ENSG00000280832
GSG1L,ENSG00000169181
GSKIP,ENSG00000100744
GSN,ENSG00000148180
GSTCD,ENSG00000138780
GSTM3,ENSG00000134202
GSTO2,ENSG00000065621
GTF2H5,ENSG00000272047
GTF2IRD1,ENSG00000006704
GTF2IRD2,ENSG00000196275
GTSCR1,ENSG00000263417
GUCA1B,ENSG00000112599
GUCY1A1,ENSG00000164116
GUCY1A2,ENSG00000152402
GUCY1B2,ENSG00000123201
GULOP,ENSG00000234770
GYPA,ENSG00000170180
GYPB,ENSG00000250361
GYPC,ENSG00000136732
GYPE,ENSG00000197465
GYS2,ENSG00000111713
GZMA,ENSG00000145649
GZMB,ENSG00000100453
GZMH,ENSG00000100450
GZMK,ENSG00000113088
GZMM,ENSG00000197540
H1-2,ENSG00000187837
H1-3,ENSG00000124575
H1-5,ENSG00000184357
H2AC25,ENSG00000181218
H2AC6,ENSG00000180573
H2AZ1-DT,ENSG00000245322
H2BC5,ENSG00000158373
H4C3,ENSG00000197061
H4C8,ENSG00000158406
HACD1,ENSG00000165996
HAGHL,ENSG00000103253
HAL,ENSG00000084110
HAS1,ENSG00000105509
HAS2-AS1,ENSG00000248690
HAVCR1,ENSG00000113249
HAVCR2,ENSG00000135077
HBB,ENSG00000244734
HBEGF,ENSG00000113070
HBG1,ENSG00000213934
HBG2,ENSG00000196565
HBM,ENSG00000206177
HBQ1,ENSG00000086506
HBZ,ENSG00000130656
HCCS-DT,ENSG00000234129
HCFC1R1,ENSG00000103145
HCG17,ENSG00000241053
HCK,ENSG00000101336
HCST,ENSG00000126264
HDAC8,ENSG00000147099
HDAC9,ENSG00000048052
HDC,ENSG00000140287
HDDC2,ENSG00000111906
HDGFL3,ENSG00000166503
HDHD5-AS1,ENSG00000185837
HDX,ENSG00000165259
HEATR9,ENSG00000276986
HEBP2,ENSG00000051620
HECTD2,ENSG00000165338
HECW1,ENSG00000002746
HECW2,ENSG00000138411
HECW2-AS1,ENSG00000229056
HELB,ENSG00000127311
HELLPAR,ENSG00000281344
HELLS,ENSG00000119969
HEMGN,ENSG00000136929
HERC5,ENSG00000138646
HESX1,ENSG00000163666
HGD,ENSG00000113924
HGF,ENSG00000019991
HHAT,ENSG00000054392
HHLA2,ENSG00000114455
HIBADH,ENSG00000106049
HIF1A,ENSG00000100644
HIF1A-AS3,ENSG00000258667
HINT1,ENSG00000169567
HINT2,ENSG00000137133
HIP1,ENSG00000127946
HIP1R,ENSG00000130787
HIPK2,ENSG00000064393
HISLA,ENSG00000258867
HIVEP1,ENSG00000095951
HIVEP3,ENSG00000127124
HK2,ENSG00000159399
HKDC1,ENSG00000156510
HLA-DMA,ENSG00000241394
HLA-DMB,ENSG00000242574
HLA-DPA1,ENSG00000235844
HLA-DPB1,ENSG00000215048
HLA-DQA1,ENSG00000196735
HLA-DQB1,ENSG00000206237
HLA-DRA,ENSG00000204287
HLA-DRB1,ENSG00000229074
HLA-DRB5,ENSG00000198502
HLCS,ENSG00000159267
HLF,ENSG00000108924
HLTF,ENSG00000071794
HLX-AS1,ENSG00000257551
HMBS,ENSG00000256269
HMCES,ENSG00000183624
HMCN1,ENSG00000143341
HMGA1,ENSG00000137309
HMGA2,ENSG00000149948
HMGB2,ENSG00000164104
HMGB3,ENSG00000029993
HMGN2P46,ENSG00000179362
HMGN5,ENSG00000198157
HMOX1,ENSG00000100292
HNMT,ENSG00000150540
HNRNPLL,ENSG00000143889
HNRNPUL1,ENSG00000105323
HOMER1,ENSG00000152413
HOMER2,ENSG00000103942
HOOK1,ENSG00000134709
HOPX,ENSG00000171476
HOXA3,ENSG00000105997
HOXB3,ENSG00000120093
HPGD,ENSG00000164120
HPGDS,ENSG00000163106
HPSE2,ENSG00000172987
HRG-AS1,ENSG00000197099
HRH1,ENSG00000196639
HRH2,ENSG00000113749
HRH4,ENSG00000134489
HRK,ENSG00000135116
HROB,ENSG00000125319
HS2ST1,ENSG00000153936
HS3ST1,ENSG00000002587
HS3ST2,ENSG00000122254
HS3ST3B1,ENSG00000125430
HS6ST2,ENSG00000171004
HSBP1L1,ENSG00000226742
HSCB,ENSG00000100209
HSD11B1,ENSG00000117594
HSD11B1-AS1,ENSG00000227591
HSD17B2-AS1,ENSG00000261235
HSD17B3,ENSG00000130948
HSD17B6,ENSG00000025423
HSDL2-AS1,ENSG00000230185
HSF2BP,ENSG00000160207
HSF5,ENSG00000176160
HSP90AB1,ENSG00000096384
HSP90B1,ENSG00000166598
HSPA12A,ENSG00000165868
HSPA1A,ENSG00000234475
HSPA1B,ENSG00000212866
HSPD1,ENSG00000144381
HSPG2,ENSG00000142798
HTR1F,ENSG00000179097
HTR4,ENSG00000164270
HTR7,ENSG00000148680
HTRA2,ENSG00000115317
HVCN1,ENSG00000122986
HYKK,ENSG00000188266
IATPR,ENSG00000233387
ICA1,ENSG00000003147
ICA1L,ENSG00000163596
ICAM3,ENSG00000076662
ICOS,ENSG00000163600
ID2,ENSG00000115738
ID3,ENSG00000117318
IDI2-AS1,ENSG00000232656
IDNK,ENSG00000148057
IDO1,ENSG00000131203
IDO2,ENSG00000188676
IER3,ENSG00000237155
IFFO2,ENSG00000169991
IFI27,ENSG00000275214
IFI27L2,ENSG00000119632
IFI30,ENSG00000216490
IFI44L,ENSG00000137959
IFI6,ENSG00000126709
IFIT1,ENSG00000185745
IFIT2,ENSG00000119922
IFIT3,ENSG00000119917
IFITM1,ENSG00000185885
IFITM2,ENSG00000185201
IFITM3,ENSG00000142089
IFITM3P6,ENSG00000258352
IFNG,ENSG00000111537
IFNG-AS1,ENSG00000255733
IFNLR1,ENSG00000185436
IFT122,ENSG00000163913
IFT172,ENSG00000138002
IFT22,ENSG00000128581
IFT43,ENSG00000119650
IFT52,ENSG00000101052
IFT57,ENSG00000114446
IFT74,ENSG00000096872
IFT80,ENSG00000068885
IFT81,ENSG00000122970
IFT88,ENSG00000032742
IGF1,ENSG00000017427
IGF1R,ENSG00000140443
IGF2,ENSG00000167244
IGF2BP2,ENSG00000073792
IGF2BP3,ENSG00000136231
IGFBP3,ENSG00000146674
IGFBP4,ENSG00000141753
IGFBP6,ENSG00000167779
IGFBP7,ENSG00000163453
IGHA1,ENSG00000282633
IGHA2,ENSG00000276173
IGHD,ENSG00000278801
IGHG1,ENSG00000277633
IGHG2,ENSG00000274497
IGHG3,ENSG00000211897
IGHG4,ENSG00000277016
IGHGP,ENSG00000253755
IGHM,ENSG00000282657
IGHV1-18,ENSG00000211945
IGHV3-15,ENSG00000211943
IGHV3-20,ENSG00000282476
IGHV3-21,ENSG00000211947
IGHV3-23,ENSG00000211949
IGHV3-30,ENSG00000270550
IGHV3-33,ENSG00000282642
IGHV3-48,ENSG00000211964
IGHV3-49,ENSG00000275316
IGHV3-7,ENSG00000211938
IGHV5-51,ENSG00000277574
IGKC,ENSG00000211592
IGKV1-5,ENSG00000243466
IGKV3-20,ENSG00000239951
IGKV4-1,ENSG00000211598
IGLC2,ENSG00000211677
IGLC3,ENSG00000211679
IGLC7,ENSG00000211685
IGLL5,ENSG00000254709
IGLV2-14,ENSG00000211666
IGLV3-21,ENSG00000211662
IGSF10,ENSG00000152580
IGSF11,ENSG00000144847
IGSF6,ENSG00000140749
IGSF9B,ENSG00000080854
IKBIP,ENSG00000166130
IKZF2,ENSG00000030419
IKZF4,ENSG00000123411
IL10,ENSG00000136634
IL12A-AS1,ENSG00000244040
IL12RB2,ENSG00000081985
IL15,ENSG00000164136
IL18R1,ENSG00000115604
IL18RAP,ENSG00000115607
IL19,ENSG00000142224
IL1B,ENSG00000125538
IL1R1,ENSG00000115594
IL1R2,ENSG00000115590
IL1RAPL2,ENSG00000189108
IL1RL1,ENSG00000115602
IL1RN,ENSG00000136689
IL21R,ENSG00000103522
IL23A,ENSG00000110944
IL23R,ENSG00000162594
IL24,ENSG00000162892
IL2RA,ENSG00000134460
IL2RB,ENSG00000100385
IL2RG,ENSG00000147168
IL32,ENSG00000008517
IL34,ENSG00000157368
IL3RA,ENSG00000292332
IL4I1,ENSG00000104951
IL4R,ENSG00000077238
IL5RA,ENSG00000091181
IL6,ENSG00000136244
IL7,ENSG00000104432
IL7R,ENSG00000168685
IL9R,ENSG00000292373
IL9RP3,ENSG00000226942
ILDR1,ENSG00000145103
ILDR2,ENSG00000143195
ILF3-DT,ENSG00000267100
IMMP1L,ENSG00000148950
IMMP2L,ENSG00000184903
IMP3,ENSG00000177971
IMPG2,ENSG00000081148
INAFM1,ENSG00000257704
ING2,ENSG00000168556
ING2-DT,ENSG00000232648
ING4,ENSG00000111653
INHBA,ENSG00000122641
INPP4B,ENSG00000109452
INPP5A,ENSG00000068383
INPP5F,ENSG00000198825
INS,ENSG00000254647
INSC,ENSG00000188487
INSIG1,ENSG00000186480
INSR,ENSG00000171105
INTS6-AS1,ENSG00000236778
INVS,ENSG00000119509
IPCEF1,ENSG00000074706
IQCH,ENSG00000103599
IQCH-AS1,ENSG00000259673
IQCJ-SCHIP1,ENSG00000283154
IQCK,ENSG00000174628
IQSEC3,ENSG00000120645
IRAG1-AS1,ENSG00000177112
IRAG2,ENSG00000118308
IRAK1BP1,ENSG00000146243
IRAK2,ENSG00000134070
IRAK3,ENSG00000090376
IRF4,ENSG00000137265
IRF7,ENSG00000276561
IRF8,ENSG00000140968
IRGM,ENSG00000237693
IRS1,ENSG00000169047
IRS2,ENSG00000185950
ISG15,ENSG00000187608
ISM1,ENSG00000101230
ISYNA1,ENSG00000105655
ITFG2-AS1,ENSG00000258325
ITGA1,ENSG00000213949
ITGA10,ENSG00000143127
ITGA2,ENSG00000164171
ITGA2B,ENSG00000005961
ITGA4,ENSG00000115232
ITGA6,ENSG00000091409
ITGA9,ENSG00000291488
ITGA9-AS1,ENSG00000291496
ITGAD,ENSG00000156886
ITGAE,ENSG00000083457
ITGAM,ENSG00000169896
ITGAX,ENSG00000140678
ITGB1,ENSG00000150093
ITGB1-DT,ENSG00000229656
ITGB2,ENSG00000160255
ITGB3,ENSG00000259207
ITGB3BP,ENSG00000142856
ITGB5,ENSG00000082781
ITGB8,ENSG00000105855
ITK,ENSG00000113263
ITM2A,ENSG00000078596
ITM2C,ENSG00000135916
ITPRIPL1,ENSG00000198885
ITSN1,ENSG00000205726
JADE3,ENSG00000102221
JAK2,ENSG00000096968
JAKMIP1,ENSG00000152969
JAKMIP2,ENSG00000176049
JAKMIP3,ENSG00000188385
JAM2,ENSG00000154721
JAM3,ENSG00000166086
JAML,ENSG00000160593
JAZF1,ENSG00000153814
JAZF1-AS1,ENSG00000234336
JCHAIN,ENSG00000132465
JHY,ENSG00000109944
JMJD8,ENSG00000161999
JRKL,ENSG00000183340
JSRP1,ENSG00000167476
JTB,ENSG00000143543
JUN,ENSG00000177606
JUND,ENSG00000130522
KALRN,ENSG00000160145
KANK1,ENSG00000107104
KANK3,ENSG00000186994
KATNAL1,ENSG00000102781
KATNAL2,ENSG00000167216
KAZN,ENSG00000189337
KBTBD3,ENSG00000182359
KCNAB1,ENSG00000169282
KCNC4,ENSG00000116396
KCNE1,ENSG00000180509
KCNE4,ENSG00000152049
KCNG1,ENSG00000026559
KCNG2,ENSG00000178342
KCNH8,ENSG00000183960
KCNIP4,ENSG00000281758
KCNJ15,ENSG00000157551
KCNK10,ENSG00000100433
KCNK13,ENSG00000152315
KCNMA1,ENSG00000156113
KCNMB2-AS1,ENSG00000237978
KCNMB4,ENSG00000135643
KCNN3,ENSG00000143603
KCNQ1,ENSG00000053918
KCNQ1OT1,ENSG00000269821
KCNQ3,ENSG00000184156
KCNQ5,ENSG00000185760
KCP,ENSG00000135253
KCTD1,ENSG00000134504
KCTD16,ENSG00000183775
KCTD19,ENSG00000168676
KCTD21-AS1,ENSG00000246174
KDM2B,ENSG00000089094
KDM2B-DT,ENSG00000256742
KDM4D,ENSG00000186280
KDSR-DT,ENSG00000267390
KHDC1,ENSG00000135314
KHDC1-AS1,ENSG00000229852
KHDRBS2,ENSG00000112232
KIAA0040,ENSG00000235750
KIAA0319,ENSG00000137261
KIAA0408,ENSG00000189367
KIAA0825,ENSG00000185261
KIAA1217,ENSG00000120549
KIAA1328,ENSG00000150477
KIAA1549,ENSG00000122778
KIAA1671,ENSG00000197077
KIAA1958,ENSG00000165185
KIAA2013,ENSG00000116685
KIF13A,ENSG00000137177
KIF18A,ENSG00000121621
KIF19,ENSG00000196169
KIF21A,ENSG00000139116
KIF26B,ENSG00000281216
KIF27,ENSG00000165115
KIF2A,ENSG00000068796
KIF3A,ENSG00000131437
KIF3C,ENSG00000084731
KIF5C,ENSG00000276734
KIF9,ENSG00000088727
KIF9-AS1,ENSG00000227398
KIFC3,ENSG00000140859
KIR2DL1,ENSG00000273510
KIR2DL3,ENSG00000276218
KIR2DL4,ENSG00000274609
KIR2DS4,ENSG00000276885
KIR3DL1,ENSG00000274948
KIR3DL2,ENSG00000276739
KIT,ENSG00000157404
KITLG,ENSG00000049130
KIZ-AS1,ENSG00000232712
KLC4,ENSG00000137171
KLF1,ENSG00000105610
KLF2-DT,ENSG00000267275
KLF3-AS1,ENSG00000231160
KLF5,ENSG00000102554
KLF8,ENSG00000102349
KLHDC2,ENSG00000165516
KLHDC7B,ENSG00000130487
KLHL13,ENSG00000003096
KLHL14,ENSG00000197705
KLHL23,ENSG00000213160
KLHL25,ENSG00000183655
KLHL29,ENSG00000119771
KLHL2P1,ENSG00000250412
KLHL3,ENSG00000146021
KLHL32,ENSG00000186231
KLHL4,ENSG00000102271
KLKB1,ENSG00000164344
KLRA1P,ENSG00000256667
KLRB1,ENSG00000111796
KLRC1,ENSG00000134545
KLRC2,ENSG00000205809
KLRC3,ENSG00000205810
KLRC4,ENSG00000183542
KLRC4-KLRK1,ENSG00000255819
KLRD1,ENSG00000134539
KLRF1,ENSG00000150045
KLRG1,ENSG00000139187
KLRK1,ENSG00000213809
KLRK1-AS1,ENSG00000245648
KMO,ENSG00000117009
KNL1,ENSG00000137812
KNOP1,ENSG00000103550
KREMEN1,ENSG00000183762
KRT10,ENSG00000186395
KRT10-AS1,ENSG00000167920
KRT14,ENSG00000186847
KRT15,ENSG00000171346
KRT17,ENSG00000128422
KRT5,ENSG00000186081
KRT72,ENSG00000170486
KRT73,ENSG00000186049
KRTAP5-AS1,ENSG00000281801
KRTCAP2,ENSG00000163463
KRTCAP3,ENSG00000157992
KSR2,ENSG00000171435
KTN1-AS1,ENSG00000186615
KYAT1,ENSG00000286112
KYNU,ENSG00000115919
L1TD1,ENSG00000240563
L2HGDH,ENSG00000087299
L3MBTL1,ENSG00000185513
L3MBTL4,ENSG00000154655
LACC1,ENSG00000179630
LACTB2,ENSG00000147592
LACTB2-AS1,ENSG00000246366
LAD1,ENSG00000159166
LAG3,ENSG00000089692
LAGE3,ENSG00000196976
LAMA2,ENSG00000196569
LAMA3,ENSG00000053747
LAMA4,ENSG00000112769
LAMB2P1,ENSG00000270441
LAMC1,ENSG00000135862
LAMC3,ENSG00000050555
LAMP3,ENSG00000078081
LAMP5,ENSG00000125869
LANCL2,ENSG00000132434
LANCL3,ENSG00000147036
LAP3,ENSG00000002549
LAPTM4B,ENSG00000104341
LAPTM5,ENSG00000162511
LARGE1,ENSG00000133424
LARGE2,ENSG00000165905
LAT,ENSG00000213658
LAX1,ENSG00000122188
LAYN,ENSG00000204381
LCA5,ENSG00000135338
LCK,ENSG00000182866
LCLAT1,ENSG00000172954
LCMT1-AS1,ENSG00000260448
LDB2,ENSG00000169744
LDB3,ENSG00000122367
LDHC,ENSG00000166796
LDLRAD3,ENSG00000179241
LDLRAD4,ENSG00000168675
LDOC1,ENSG00000182195
LEF1,ENSG00000138795
LEF1-AS1,ENSG00000232021
LEKR1,ENSG00000197980
LEPROTL1,ENSG00000104660
LETM2,ENSG00000165046
LGALS3,ENSG00000131981
LGALS4,ENSG00000282992
LGALSL-DT,ENSG00000223935
LGI4,ENSG00000153902
LGMN,ENSG00000100600
LGR4,ENSG00000205213
LGR6,ENSG00000133067
LHFPL1,ENSG00000182508
LHFPL2,ENSG00000145685
LHFPL6,ENSG00000183722
LIF,ENSG00000128342
LIFR,ENSG00000113594
LILRA4,ENSG00000239961
LILRB1,ENSG00000276452
LILRB2,ENSG00000277751
LILRB3,ENSG00000277816
LILRB4,ENSG00000278555
LIM2-AS1,ENSG00000268889
LIMA1,ENSG00000050405
LIMCH1,ENSG00000064042
LIMD2,ENSG00000136490
LIME1,ENSG00000203896
LIMK1,ENSG00000106683
LIMK2,ENSG00000182541
LIMS1,ENSG00000169756
LIN52,ENSG00000205659
LIN7A,ENSG00000111052
LIN7B,ENSG00000104863
LIN9,ENSG00000183814
LINC00158,ENSG00000185433
LINC00159,ENSG00000230323
LINC00200,ENSG00000229205
LINC00243,ENSG00000237890
LINC00265,ENSG00000188185
LINC00278,ENSG00000231535
LINC00299,ENSG00000236790
LINC00310,ENSG00000227456
LINC00324,ENSG00000178977
LINC00334,ENSG00000182586
LINC00373,ENSG00000231019
LINC00393,ENSG00000224853
LINC00402,ENSG00000235532
LINC00426,ENSG00000238121
LINC00467,ENSG00000153363
LINC00469,ENSG00000177338
LINC00470,ENSG00000132204
LINC00486,ENSG00000230876
LINC00487,ENSG00000205837
LINC00494,ENSG00000235621
LINC00504,ENSG00000248360
LINC00511,ENSG00000227036
LINC00534,ENSG00000253394
LINC00539,ENSG00000224429
LINC00540,ENSG00000276476
LINC00544,ENSG00000122043
LINC00571,ENSG00000223685
LINC00595,ENSG00000230417
LINC00598,ENSG00000215483
LINC00607,ENSG00000235770
LINC00624,ENSG00000278811
LINC00630,ENSG00000223546
LINC00640,ENSG00000258479
LINC00649,ENSG00000237945
LINC00662,ENSG00000261824
LINC00665,ENSG00000232677
LINC00685,ENSG00000280741
LINC00824,ENSG00000254275
LINC00861,ENSG00000245164
LINC00862,ENSG00000203721
LINC00877,ENSG00000241163
LINC00880,ENSG00000243629
LINC00882,ENSG00000242759
LINC00886,ENSG00000243926
LINC00907,ENSG00000267586
LINC00910,ENSG00000188825
LINC00923,ENSG00000251209
LINC00926,ENSG00000247982
LINC00937,ENSG00000226091
LINC00951,ENSG00000226070
LINC00954,ENSG00000228784
LINC00987,ENSG00000237248
LINC00996,ENSG00000242258
LINC01010,ENSG00000236700
LINC01013,ENSG00000228495
LINC01030,ENSG00000253799
LINC01031,ENSG00000232077
LINC01033,ENSG00000293676
LINC01036,ENSG00000230426
LINC01088,ENSG00000249307
LINC01090,ENSG00000231689
LINC01091,ENSG00000249464
LINC01118,ENSG00000222005
LINC01163,ENSG00000280953
LINC01169,ENSG00000259471
LINC01182,ENSG00000250634
LINC01194,ENSG00000248131
LINC01205,ENSG00000228980
LINC01208,ENSG00000223715
LINC01215,ENSG00000271856
LINC01226,ENSG00000284543
LINC01237,ENSG00000280686
LINC01242,ENSG00000280683
LINC01250,ENSG00000234423
LINC01252,ENSG00000247157
LINC01258,ENSG00000249534
LINC01259,ENSG00000249667
LINC01266,ENSG00000224957
LINC01277,ENSG00000229017
LINC01278,ENSG00000235437
LINC01281,ENSG00000235304
LINC01284,ENSG00000230317
LINC01301,ENSG00000251396
LINC01340,ENSG00000250331
LINC01341,ENSG00000227953
LINC01362,ENSG00000230817
LINC01376,ENSG00000236204
LINC01389,ENSG00000225762
LINC01393,ENSG00000225535
LINC01409,ENSG00000237491
LINC01435,ENSG00000229981
LINC01446,ENSG00000205628
LINC01473,ENSG00000237877
LINC01478,ENSG00000267337
LINC01483,ENSG00000227517
LINC01500,ENSG00000258583
LINC01504,ENSG00000225434
LINC01505,ENSG00000234323
LINC01515,ENSG00000228065
LINC01521,ENSG00000213888
LINC01524,ENSG00000234948
LINC01550,ENSG00000246223
LINC01572,ENSG00000261008
LINC01579,ENSG00000258754
LINC01588,ENSG00000214900
LINC01618,ENSG00000293644
LINC01619,ENSG00000257242
LINC01644,ENSG00000218357
LINC01684,ENSG00000237484
LINC01695,ENSG00000236532
LINC01725,ENSG00000233008
LINC01727,ENSG00000279082
LINC01730,ENSG00000275491
LINC01752,ENSG00000224961
LINC01754,ENSG00000224565
LINC01762,ENSG00000233154
LINC01781,ENSG00000234184
LINC01801,ENSG00000267767
LINC01811,ENSG00000226320
LINC01816,ENSG00000231327
LINC01819,ENSG00000231826
LINC01825,ENSG00000223466
LINC01829,ENSG00000236780
LINC01841,ENSG00000266913
LINC01857,ENSG00000224137
LINC01871,ENSG00000235576
LINC01876,ENSG00000226383
LINC01882,ENSG00000260302
LINC01891,ENSG00000231682
LINC01926,ENSG00000267593
LINC01933,ENSG00000254226
LINC01934,ENSG00000234663
LINC01943,ENSG00000280721
LINC01948,ENSG00000248727
LINC01980,ENSG00000225548
LINC01993,ENSG00000204277
LINC02006,ENSG00000238755
LINC02008,ENSG00000239440
LINC02018,ENSG00000288312
LINC02021,ENSG00000249846
LINC02055,ENSG00000254101
LINC02073,ENSG00000267452
LINC02084,ENSG00000272282
LINC02086,ENSG00000244649
LINC02088,ENSG00000227685
LINC02102,ENSG00000248677
LINC02109,ENSG00000274882
LINC02133,ENSG00000261231
LINC02150,ENSG00000248150
LINC02156,ENSG00000257906
LINC02161,ENSG00000250437
LINC02175,ENSG00000262155
LINC02201,ENSG00000251538
LINC02208,ENSG00000250891
LINC02211,ENSG00000245662
LINC02223,ENSG00000249937
LINC02226,ENSG00000245729
LINC02228,ENSG00000251273
LINC02235,ENSG00000254689
LINC02240,ENSG00000260192
LINC02245,ENSG00000237638
LINC02273,ENSG00000245954
LINC02284,ENSG00000259719
LINC02288,ENSG00000246548
LINC02295,ENSG00000258511
LINC02315,ENSG00000251363
LINC02320,ENSG00000258404
LINC02325,ENSG00000246084
LINC02341,ENSG00000283554
LINC02345,ENSG00000259225
LINC02362,ENSG00000249096
LINC02384,ENSG00000251301
LINC02391,ENSG00000277851
LINC02397,ENSG00000205056
LINC02416,ENSG00000257924
LINC02422,ENSG00000255760
LINC02427,ENSG00000271538
LINC02432,ENSG00000248810
LINC02446,ENSG00000256039
LINC02458,ENSG00000246363
LINC02481,ENSG00000246526
LINC02482,ENSG00000251580
LINC02506,ENSG00000251129
LINC02520,ENSG00000204110
LINC02539,ENSG00000234956
LINC02542,ENSG00000226453
LINC02550,ENSG00000271584
LINC02576,ENSG00000232613
LINC02603,ENSG00000230262
LINC02608,ENSG00000226251
LINC02614,ENSG00000241288
LINC02615,ENSG00000251432
LINC02641,ENSG00000230131
LINC02649,ENSG00000215244
LINC02652,ENSG00000237128
LINC02666,ENSG00000283141
LINC02680,ENSG00000285737
LINC02693,ENSG00000212719
LINC02694,ENSG00000175779
LINC02718,ENSG00000255418
LINC02725,ENSG00000273415
LINC02731,ENSG00000204241
LINC02762,ENSG00000250303
LINC02763,ENSG00000254968
LINC02795,ENSG00000285210
LINC02798,ENSG00000227082
LINC02842,ENSG00000254119
LINC02848,ENSG00000226581
LINC02863,ENSG00000238160
LINC02877,ENSG00000237787
LINC02882,ENSG00000251138
LINC02889,ENSG00000236039
LINC02899,ENSG00000248874
LINC02917,ENSG00000239941
LINC02935,ENSG00000225292
LINC02940,ENSG00000235888
LINC02945,ENSG00000249815
LINC02955,ENSG00000256995
LINC02958,ENSG00000265752
LINC02963,ENSG00000255652
LINC02964,ENSG00000286122
LINC02968,ENSG00000223511
LINC02987,ENSG00000267575
LINC02997,ENSG00000249364
LINC03021,ENSG00000277526
LINGO2,ENSG00000174482
LINGO3,ENSG00000220008
LIPA,ENSG00000107798
LIPC,ENSG00000166035
LIPE,ENSG00000079435
LIPE-AS1,ENSG00000213904
LITAF,ENSG00000189067
LIX1-AS1,ENSG00000251513
LLGL2,ENSG00000073350
LMLN,ENSG00000185621
LMNA,ENSG00000160789
LMO2,ENSG00000135363
LMO7,ENSG00000136153
LMO7-AS1,ENSG00000261105
LMTK3,ENSG00000142235
LNCRNA-IUR,ENSG00000245552
LNP1,ENSG00000206535
LONRF3,ENSG00000175556
LOXL1-AS1,ENSG00000261801
LPAL2,ENSG00000290613
LPAR1,ENSG00000198121
LPAR3,ENSG00000171517
LPAR5,ENSG00000184574
LPCAT2,ENSG00000087253
LPCAT4,ENSG00000176454
LPL,ENSG00000175445
LRFN2,ENSG00000156564
LRFN5,ENSG00000165379
LRGUK,ENSG00000155530
LRIG1,ENSG00000144749
LRIG2-DT,ENSG00000238198
LRMDA,ENSG00000148655
LRP1,ENSG00000123384
LRP11,ENSG00000120256
LRP2,ENSG00000081479
LRP6,ENSG00000070018
LRRC1,ENSG00000137269
LRRC17,ENSG00000128606
LRRC2,ENSG00000163827
LRRC32,ENSG00000137507
LRRC39,ENSG00000122477
LRRC3C,ENSG00000204913
LRRC43,ENSG00000158113
LRRC4C,ENSG00000148948
LRRC63,ENSG00000173988
LRRC66,ENSG00000188993
LRRC7,ENSG00000033122
LRRC75A,ENSG00000181350
LRRC8C-DT,ENSG00000231999
LRRC8D,ENSG00000171492
LRRIQ3,ENSG00000162620
LRRK1,ENSG00000154237
LRRK2,ENSG00000188906
LRRN1,ENSG00000175928
LRRN3,ENSG00000173114
LSAMP,ENSG00000185565
LSM2,ENSG00000231502
LSR,ENSG00000105699
LST1,ENSG00000230791
LTA,ENSG00000230279
LTB,ENSG00000227507
LTB4R,ENSG00000213903
LTBP1,ENSG00000049323
LTBP2,ENSG00000119681
LTBP3,ENSG00000168056
LTBP4,ENSG00000090006
LTC4S,ENSG00000213316
LTK,ENSG00000062524
LUCAT1,ENSG00000248323
LUM,ENSG00000139329
LUZP1,ENSG00000169641
LY6E-DT,ENSG00000247317
LY75,ENSG00000054219
LY86,ENSG00000112799
LY86-AS1,ENSG00000216863
LY9,ENSG00000122224
LY96,ENSG00000154589
LYAR,ENSG00000145220
LYN,ENSG00000254087
LYPD6B,ENSG00000150556
LYPLAL1-DT,ENSG00000228063
LYRM1,ENSG00000102897
LYRM4,ENSG00000214113
LYRM7,ENSG00000186687
LYST,ENSG00000143669
LYVE1,ENSG00000133800
LYZ,ENSG00000090382
LZTFL1,ENSG00000163818
LZTS1,ENSG00000061337
MACC1,ENSG00000183742
MACROD1,ENSG00000133315
MACROD2,ENSG00000172264
MACROH2A1,ENSG00000113648
MACROH2A2,ENSG00000099284
MAD2L1-DT,ENSG00000250938
MAF,ENSG00000178573
MAFB,ENSG00000204103
MAGED1,ENSG00000179222
MAGEF1,ENSG00000177383
MAGI1,ENSG00000151276
MAGI2,ENSG00000187391
MAGI3,ENSG00000081026
MAILR,ENSG00000253320
MAL,ENSG00000172005
MALRD1,ENSG00000204740
MALT1,ENSG00000172175
MAMDC2-AS1,ENSG00000204706
MAML2,ENSG00000184384
MAML3,ENSG00000196782
MAMLD1,ENSG00000013619
MAN1A1,ENSG00000111885
MAN1B1-DT,ENSG00000268996
MAN1C1,ENSG00000117643
MAOA,ENSG00000189221
MAP1A,ENSG00000166963
MAP2,ENSG00000078018
MAP2K4P1,ENSG00000269904
MAP2K6,ENSG00000108984
MAP3K13,ENSG00000073803
MAP3K14,ENSG00000006062
MAP3K21,ENSG00000143674
MAP3K7CL,ENSG00000156265
MAP3K8,ENSG00000107968
MAP3K9,ENSG00000006432
MAP4K2,ENSG00000168067
MAP4K3-DT,ENSG00000231312
MAP7,ENSG00000135525
MAP7D2,ENSG00000184368
MAP7D3,ENSG00000129680
MAP9,ENSG00000164114
MAPK10,ENSG00000109339
MAPK13,ENSG00000156711
MAPK8,ENSG00000107643
MAPKAPK2,ENSG00000162889
MAPRE3,ENSG00000084764
MAPT,ENSG00000276155
MARCHF1,ENSG00000145416
MARCHF3,ENSG00000173926
MARCHF8,ENSG00000278545
MARCHF9,ENSG00000139266
MARCKS,ENSG00000277443
MARCKSL1,ENSG00000175130
MARCO,ENSG00000019169
MAST3-AS1,ENSG00000269145
MAST4,ENSG00000069020
MATCAP2,ENSG00000164542
MATK,ENSG00000007264
MATN1-AS1,ENSG00000186056
MB21D2,ENSG00000180611
MBNL3,ENSG00000076770
MBOAT1,ENSG00000172197
MBOAT2,ENSG00000143797
MCC,ENSG00000171444
MCEE,ENSG00000124370
MCF2,ENSG00000101977
MCF2L,ENSG00000126217
MCF2L2,ENSG00000053524
MCM3AP-AS1,ENSG00000215424
MCOLN2,ENSG00000153898
MCPH1-AS1,ENSG00000285400
MCTP1,ENSG00000175471
MCTP2,ENSG00000140563
MCU,ENSG00000156026
MDGA1,ENSG00000112139
MDK,ENSG00000110492
MDS2,ENSG00000197880
ME1,ENSG00000065833
ME3,ENSG00000151376
MEAK7,ENSG00000140950
MECOM,ENSG00000085276
MECR,ENSG00000116353
MED12L,ENSG00000144893
MED9,ENSG00000141026
MEF2C,ENSG00000081189
MEF2C-AS1,ENSG00000248309
MEGF6,ENSG00000162591
MEGF9,ENSG00000106780
MEIKIN,ENSG00000239642
MEIS1,ENSG00000143995
MELTF,ENSG00000163975
MEOX1,ENSG00000005102
MERTK,ENSG00000153208
MET,ENSG00000105976
METAP1D,ENSG00000292097
METRNL,ENSG00000176845
METTL18,ENSG00000171806
METTL21A,ENSG00000144401
METTL23,ENSG00000181038
METTL24,ENSG00000053328
METTL25,ENSG00000127720
METTL26,ENSG00000130731
METTL6,ENSG00000206562
MFAP2,ENSG00000117122
MFAP3L,ENSG00000198948
MFAP4,ENSG00000166482
MFF-DT,ENSG00000236432
MFGE8,ENSG00000140545
MFHAS1,ENSG00000285022
MFSD1,ENSG00000118855
MGAM,ENSG00000282607
MGAT3,ENSG00000128268
MGAT4C,ENSG00000182050
MGAT5,ENSG00000152127
MGAT5B,ENSG00000167889
MGLL,ENSG00000074416
MGMT,ENSG00000170430
MGST1,ENSG00000008394
MGST3,ENSG00000143198
MHENCR,ENSG00000232442
MIAT,ENSG00000225783
MICAL2,ENSG00000133816
MICAL3,ENSG00000243156
MICOS13,ENSG00000174917
MICU3,ENSG00000155970
MID1,ENSG00000101871
MID2,ENSG00000080561
MIDEAS-AS1,ENSG00000259065
MIF,ENSG00000276701
MINDY4,ENSG00000106125
MIPEP,ENSG00000027001
MIPOL1,ENSG00000151338
MIR100HG,ENSG00000255248
MIR155HG,ENSG00000234883
MIR181A1HG,ENSG00000229989
MIR181A2HG,ENSG00000224020
MIR2052HG,ENSG00000254349
MIR222HG,ENSG00000270069
MIR223HG,ENSG00000274536
MIR3142HG,ENSG00000253522
MIR31HG,ENSG00000171889
MIR325HG,ENSG00000280870
MIR3659HG,ENSG00000224592
MIR3667HG,ENSG00000188511
MIR3681HG,ENSG00000224184
MIR3936HG,ENSG00000233006
MIR3945HG,ENSG00000251230
MIR4300HG,ENSG00000245832
MIR4422HG,ENSG00000231090
MIR4432HG,ENSG00000228590
MIR4435-2HG,ENSG00000172965
MIR646HG,ENSG00000228340
MIR762HG,ENSG00000260083
MIR9-1HG,ENSG00000125462
MIR924HG,ENSG00000267374
MIR99AHG,ENSG00000215386
MITF,ENSG00000187098
MKI67,ENSG00000148773
MKNK2,ENSG00000099875
MKRN3,ENSG00000179455
MLANA,ENSG00000120215
MLIP,ENSG00000146147
MLLT11,ENSG00000213190
MLLT3,ENSG00000171843
MMADHC-DT,ENSG00000231969
MME,ENSG00000196549
MMP14,ENSG00000157227
MMP17,ENSG00000198598
MMP19,ENSG00000123342
MMP25,ENSG00000008516
MMP28,ENSG00000278843
MMP9,ENSG00000100985
MMRN1,ENSG00000138722
MMS22L,ENSG00000146263
MN1,ENSG00000169184
MNDA,ENSG00000163563
MOB3B,ENSG00000120162
MOCS2-DT,ENSG00000247796
MOK,ENSG00000080823
MORC2-AS1,ENSG00000235989
MORC4,ENSG00000133131
MORN2,ENSG00000188010
MORN3,ENSG00000139714
MORN4,ENSG00000171160
MOSPD3,ENSG00000106330
MOXD1,ENSG00000079931
MPEG1,ENSG00000197629
MPO,ENSG00000005381
MPP1,ENSG00000130830
MPP2,ENSG00000108852
MPP7,ENSG00000150054
MPPED2,ENSG00000066382
MPZ,ENSG00000158887
MPZL1,ENSG00000197965
MPZL3,ENSG00000160588
MRC1,ENSG00000260314
MRC2,ENSG00000011028
MRFAP1L1,ENSG00000178988
MRNIP,ENSG00000283918
MROH8,ENSG00000292233
MRPL1,ENSG00000169288
MRPL12,ENSG00000262814
MRPL33,ENSG00000243147
MRPL36,ENSG00000171421
MRPL41,ENSG00000182154
MRPL42P1,ENSG00000178636
MRPL48,ENSG00000175581
MRPL57,ENSG00000173141
MRPS18B,ENSG00000223775
MRPS21,ENSG00000266472
MRPS24,ENSG00000062582
MRPS30-DT,ENSG00000251141
MRPS33,ENSG00000090263
MRPS34,ENSG00000074071
MS4A1,ENSG00000156738
MS4A2,ENSG00000149534
MS4A3,ENSG00000149516
MS4A4A,ENSG00000110079
MS4A4E,ENSG00000214787
MS4A6A,ENSG00000110077
MS4A6E,ENSG00000166926
MS4A7,ENSG00000166927
MSANTD2-AS1,ENSG00000245498
MSC-AS1,ENSG00000235531
MSH2,ENSG00000095002
MSH4,ENSG00000057468
MSI2,ENSG00000153944
MSR1,ENSG00000038945
MSRA,ENSG00000285250
MSRB3,ENSG00000174099
MT-ATP8,ENSG00000228253
MT-ND3,ENSG00000198840
MT-RNR2,ENSG00000210082
MT1F,ENSG00000198417
MT1G,ENSG00000125144
MT1H,ENSG00000205358
MT1X,ENSG00000187193
MT2A,ENSG00000125148
MTAP,ENSG00000099810
MTBP,ENSG00000172167
MTCL1,ENSG00000168502
MTERF1,ENSG00000127989
MTFMT,ENSG00000103707
MTHFD1L,ENSG00000120254
MTHFD2L,ENSG00000163738
MTLN,ENSG00000175701
MTMR8,ENSG00000102043
MTSS1,ENSG00000170873
MTURN,ENSG00000180354
MTUS1,ENSG00000129422
MTUS2,ENSG00000132938
MUC1,ENSG00000185499
MVB12B,ENSG00000196814
MX1,ENSG00000157601
MX2,ENSG00000183486
MXD1,ENSG00000059728
MXD4,ENSG00000123933
MXI1,ENSG00000119950
MXRA7,ENSG00000182534
MYB,ENSG00000118513
MYBL1,ENSG00000185697
MYBPC3,ENSG00000134571
MYC,ENSG00000136997
MYH10,ENSG00000133026
MYH3,ENSG00000109063
MYL4,ENSG00000198336
MYL6B-AS1,ENSG00000257809
MYL9,ENSG00000101335
MYLIP,ENSG00000007944
MYLK,ENSG00000065534
MYLK4,ENSG00000145949
MYO16,ENSG00000041515
MYO18B,ENSG00000133454
MYO1B,ENSG00000128641
MYO1D,ENSG00000176658
MYO1E,ENSG00000157483
MYO1F,ENSG00000142347
MYO3A,ENSG00000095777
MYO3B,ENSG00000071909
MYO5B,ENSG00000167306
MYO6,ENSG00000196586
MYOF,ENSG00000138119
MYOM1,ENSG00000101605
MYOM2,ENSG00000036448
MYRF,ENSG00000124920
MYRFL,ENSG00000166268
MYRIP,ENSG00000170011
MYT1,ENSG00000276876
MYT1L,ENSG00000186487
MZB1,ENSG00000170476
MZT2A,ENSG00000173272
MZT2B,ENSG00000292119
N4BP3,ENSG00000145911
NAA10,ENSG00000102030
NAA25,ENSG00000111300
NAA38,ENSG00000183011
NAALADL1,ENSG00000168060
NAALADL2,ENSG00000177694
NABP1,ENSG00000173559
NACA,ENSG00000196531
NACA4P,ENSG00000228224
NADK2,ENSG00000152620
NAF1,ENSG00000145414
NAMPT,ENSG00000105835
NAP1L1,ENSG00000187109
NAP1L2,ENSG00000186462
NAPEPLD,ENSG00000161048
NAPSB,ENSG00000131401
NARS2,ENSG00000137513
NASP,ENSG00000132780
NAV1,ENSG00000134369
NAV2,ENSG00000166833
NAV3,ENSG00000067798
NAXE,ENSG00000163382
NBEA,ENSG00000172915
NBPF3,ENSG00000142794
NCALD,ENSG00000104490
NCAM1,ENSG00000149294
NCAM2,ENSG00000154654
NCAPG2,ENSG00000146918
NCAPH,ENSG00000121152
NCBP2AS2,ENSG00000270170
NCEH1,ENSG00000144959
NCF1,ENSG00000158517
NCF2,ENSG00000116701
NCKAP1,ENSG00000061676
NCKAP5,ENSG00000176771
NCR1,ENSG00000278025
NCR3,ENSG00000206430
NCS1,ENSG00000107130
NDC80,ENSG00000080986
NDFIP2,ENSG00000102471
NDRG3,ENSG00000101079
NDUFA1,ENSG00000125356
NDUFA3,ENSG00000170906
NDUFA6-DT,ENSG00000237037
NDUFAF2,ENSG00000164182
NDUFAF6,ENSG00000156170
NDUFAF8,ENSG00000224877
NDUFB10,ENSG00000291930
NDUFB11,ENSG00000147123
NDUFB2-AS1,ENSG00000240889
NDUFB6,ENSG00000165264
NDUFC2-KCTD14,ENSG00000259112
NDUFS8,ENSG00000110717
NDUFV2-AS1,ENSG00000266053
NEB,ENSG00000183091
NEBL,ENSG00000078114
NECTIN1,ENSG00000110400
NECTIN3,ENSG00000177707
NECTIN3-AS1,ENSG00000242242
NEDD4,ENSG00000069869
NEDD4L,ENSG00000049759
NEDD9,ENSG00000111859
NEFH,ENSG00000100285
NEGR1,ENSG00000172260
NEIL1,ENSG00000140398
NEK10,ENSG00000163491
NEK11,ENSG00000114670
NEK6,ENSG00000119408
NEK8,ENSG00000160602
NELL2,ENSG00000184613
NEMP2-DT,ENSG00000233654
NEO1,ENSG00000067141
NEPRO-AS1,ENSG00000240057
NETO1,ENSG00000166342
NETO2,ENSG00000171208
NEXMIF,ENSG00000050030
NEXN,ENSG00000162614
NFE2,ENSG00000123405
NFIA,ENSG00000162599
NFIL3,ENSG00000165030
NFILZ,ENSG00000268480
NFIX,ENSG00000008441
NFKB1,ENSG00000109320
NFKBIA,ENSG00000100906
NFKBIZ,ENSG00000144802
NFU1,ENSG00000169599
NFXL1,ENSG00000170448
NGDN,ENSG00000129460
NHERF2,ENSG00000065054
NHS,ENSG00000188158
NHSL1,ENSG00000135540
NHSL2,ENSG00000204131
NIBAN1,ENSG00000135842
NIBAN2,ENSG00000136830
NIBAN3,ENSG00000167483
NIFK-AS1,ENSG00000236859
NIM1K,ENSG00000177453
NINJ1,ENSG00000131669
NINJ2,ENSG00000171840
NINL,ENSG00000101004
NIPAL1,ENSG00000163293
NIPAL2,ENSG00000104361
NIPSNAP1,ENSG00000184117
NKAIN2,ENSG00000188580
NKAP,ENSG00000101882
NKD1,ENSG00000140807
NKG7,ENSG00000105374
NLGN1,ENSG00000169760
NLGN2,ENSG00000169992
NLGN4Y,ENSG00000165246
NLN,ENSG00000123213
NLRP12,ENSG00000142405
NLRX1,ENSG00000160703
NME2,ENSG00000243678
NME3,ENSG00000103024
NME7,ENSG00000143156
NME8,ENSG00000086288
NME9,ENSG00000181322
NMNAT3,ENSG00000163864
NMUR1,ENSG00000171596
NNT-AS1,ENSG00000248092
NOA1,ENSG00000084092
NOG,ENSG00000183691
NOL12,ENSG00000273899
NOP10,ENSG00000182117
NOP53,ENSG00000105373
NOPCHAP1,ENSG00000151131
NOS1AP,ENSG00000198929
NOSIP,ENSG00000142546
NOTCH3,ENSG00000074181
NOXA1,ENSG00000188747
NOXRED1,ENSG00000165555
NPAS2,ENSG00000170485
NPAS3,ENSG00000151322
NPC1,ENSG00000141458
NPC2,ENSG00000119655
NPFFR1,ENSG00000148734
NPHP1,ENSG00000144061
NPHP4,ENSG00000131697
NPL,ENSG00000135838
NPR3,ENSG00000113389
NPTXR,ENSG00000221890
NR1H3,ENSG00000025434
NR2C2AP,ENSG00000184162
NR2F2,ENSG00000185551
NR2F2-AS1,ENSG00000247809
NR3C2,ENSG00000151623
NR4A1,ENSG00000123358
NR4A2,ENSG00000153234
NR4A3,ENSG00000119508
NR6A1,ENSG00000148200
NRCAM,ENSG00000091129
NRG1,ENSG00000157168
NRG2,ENSG00000158458
NRG3,ENSG00000185737
NRG4,ENSG00000169752
NRIP1,ENSG00000180530
NRP1,ENSG00000099250
NRP2,ENSG00000118257
NRXN1,ENSG00000179915
NRXN2,ENSG00000110076
NRXN3,ENSG00000021645
NSG1,ENSG00000168824
NSMCE1,ENSG00000169189
NSMCE1-DT,ENSG00000245888
NSUN6,ENSG00000241058
NSUN7,ENSG00000179299
NT5DC3,ENSG00000111696
NT5E,ENSG00000135318
NTM,ENSG00000182667
NTN1,ENSG00000065320
NTN4,ENSG00000074527
NTNG1,ENSG00000162631
NTNG2,ENSG00000196358
NTPCR,ENSG00000135778
NTRK1,ENSG00000198400
NTRK2,ENSG00000148053
NUAK1,ENSG00000074590
NUAK2,ENSG00000163545
NUB1,ENSG00000013374
NUBPL,ENSG00000151413
NUCB2,ENSG00000070081
NUDT16L1,ENSG00000168101
NUDT22,ENSG00000149761
NUDT6,ENSG00000170917
NUDT7,ENSG00000140876
NUGGC,ENSG00000189233
NUP35,ENSG00000163002
NUP37,ENSG00000075188
NUP62CL,ENSG00000198088
NUPR1,ENSG00000176046
NXN,ENSG00000280563
NYAP2,ENSG00000144460
OASL,ENSG00000135114
OBSCN,ENSG00000154358
OCA2,ENSG00000104044
OCEL1,ENSG00000099330
OCIAD2,ENSG00000145247
OCM,ENSG00000122543
OGFOD1,ENSG00000087263
OGFRL1,ENSG00000119900
OGG1,ENSG00000114026
OLFM2,ENSG00000105088
OLFML2B,ENSG00000162745
OLMALINC,ENSG00000235823
OLR1,ENSG00000173391
OMA1,ENSG00000162600
OPA3,ENSG00000125741
OPCML,ENSG00000183715
OPHN1,ENSG00000079482
OPN3,ENSG00000054277
OR3A2,ENSG00000221882
OR51B5,ENSG00000167355
ORAI2,ENSG00000160991
OSBP2,ENSG00000184792
OSBPL10,ENSG00000144645
OSBPL1A,ENSG00000141447
OSBPL3,ENSG00000070882
OSBPL5,ENSG00000021762
OSBPL6,ENSG00000079156
OSBPL7,ENSG00000006025
OSER1-DT,ENSG00000223891
OSGEPL1-AS1,ENSG00000253559
OSM,ENSG00000099985
OSMR,ENSG00000145623
OST4,ENSG00000228474
OTOF,ENSG00000115155
OTUD6B-AS1,ENSG00000253738
OTUD7A,ENSG00000169918
OVCH1-AS1,ENSG00000257599
OXA1L-DT,ENSG00000258458
OXNAD1,ENSG00000154814
OXR1-AS1,ENSG00000253582
P2RX1,ENSG00000108405
P2RX5,ENSG00000083454
P2RX7,ENSG00000089041
P2RY12,ENSG00000169313
P2RY14,ENSG00000174944
P2RY6,ENSG00000171631
P2RY8,ENSG00000182162
P3H2,ENSG00000090530
P3H4,ENSG00000141696
PAAF1,ENSG00000175575
PABPC1,ENSG00000070756
PACRG,ENSG00000112530
PACSIN1,ENSG00000124507
PADI2,ENSG00000117115
PADI4,ENSG00000159339
PAFAH1B3,ENSG00000079462
PAFAH2,ENSG00000158006
PAG1,ENSG00000076641
PAIP2B,ENSG00000124374
PAK3,ENSG00000077264
PALD1,ENSG00000107719
PALLD,ENSG00000129116
PALM2AKAP2,ENSG00000157654
PALS2,ENSG00000105926
PAM,ENSG00000145730
PANK1,ENSG00000152782
PAPLN,ENSG00000100767
PAPSS2,ENSG00000198682
PARD3,ENSG00000148498
PARD3B,ENSG00000116117
PARM1,ENSG00000169116
PARP11-AS1,ENSG00000256862
PARP16,ENSG00000138617
PARPBP,ENSG00000185480
PATJ,ENSG00000132849
PATL2,ENSG00000229474
PAWR,ENSG00000177425
PAX3,ENSG00000135903
PAX5,ENSG00000196092
PAX8-AS1,ENSG00000189223
PAXX,ENSG00000310560
PBX1,ENSG00000185630
PBX3,ENSG00000167081
PCAT1,ENSG00000253438
PCAT19,ENSG00000267107
PCBP3,ENSG00000183570
PCCA-DT,ENSG00000274605
PCCB,ENSG00000114054
PCDH1,ENSG00000156453
PCDH15,ENSG00000150275
PCDH9,ENSG00000184226
PCDHGA2,ENSG00000081853
PCED1B,ENSG00000179715
PCGF6,ENSG00000156374
PCMTD1-DT,ENSG00000228801
PCNX2,ENSG00000135749
PCNX4-DT,ENSG00000258553
PCOLCE,ENSG00000106333
PCSK1N,ENSG00000102109
PCSK5,ENSG00000099139
PCSK6,ENSG00000140479
PCTP,ENSG00000141179
PCYOX1,ENSG00000116005
PDC-AS1,ENSG00000229739
PDCD1LG2,ENSG00000197646
PDCD4-AS1,ENSG00000203497
PDCD6P1,ENSG00000188002
PDE10A,ENSG00000112541
PDE1A,ENSG00000115252
PDE1C,ENSG00000154678
PDE3A,ENSG00000172572
PDE3B,ENSG00000152270
PDE4A,ENSG00000065989
PDE4B,ENSG00000184588
PDE4D,ENSG00000113448
PDE4DIP,ENSG00000178104
PDE5A,ENSG00000138735
PDE7A,ENSG00000205268
PDE7B,ENSG00000171408
PDE8A,ENSG00000073417
PDE8B,ENSG00000284762
PDE9A,ENSG00000160191
PDGFC,ENSG00000145431
PDGFD,ENSG00000170962
PDGFRB,ENSG00000113721
PDK1,ENSG00000152256
PDLIM1,ENSG00000107438
PDLIM5,ENSG00000163110
PDP2,ENSG00000172840
PDPN,ENSG00000162493
PDSS1,ENSG00000148459
PDZD2,ENSG00000133401
PDZD4,ENSG00000067840
PDZRN4,ENSG00000165966
PEAK1,ENSG00000173517
PEBP1P3,ENSG00000236278
PEBP4,ENSG00000134020
PECAM1,ENSG00000261371
PEG10,ENSG00000242265
PELI1,ENSG00000197329
PELI2,ENSG00000139946
PELO,ENSG00000152684
PELO-AS1,ENSG00000248898
PEMT,ENSG00000133027
PER1,ENSG00000179094
PER3,ENSG00000049246
PERP,ENSG00000112378
PEX11A,ENSG00000166821
PEX6,ENSG00000124587
PEX7,ENSG00000112357
PF4,ENSG00000163737
PFKFB1,ENSG00000158571
PFKFB3,ENSG00000170525
PFN1,ENSG00000108518
PGAM1,ENSG00000171314
PGAM1P5,ENSG00000293270
PGAP1,ENSG00000197121
PGBD1,ENSG00000137338
PGC,ENSG00000096088
PGM1,ENSG00000079739
PGM2L1,ENSG00000165434
PGM3,ENSG00000013375
PGPEP1,ENSG00000130517
PHACTR1,ENSG00000112137
PHACTR2,ENSG00000112419
PHEX,ENSG00000102174
PHF1,ENSG00000112511
PHF19,ENSG00000119403
PHF7,ENSG00000010318
PHGR1,ENSG00000233041
PHKG1,ENSG00000164776
PHLDA1,ENSG00000139289
PHLDB2,ENSG00000144824
PHLDB3,ENSG00000176531
PHLPP1,ENSG00000081913
PHLPP2,ENSG00000040199
PHTF2,ENSG00000006576
PID1,ENSG00000153823
PIEZO2,ENSG00000154864
PIGK,ENSG00000142892
PIGP,ENSG00000185808
PIGR,ENSG00000162896
PIK3AP1,ENSG00000155629
PIK3C2B,ENSG00000133056
PIK3IP1,ENSG00000100100
PIK3IP1-DT,ENSG00000228839
PIK3R3,ENSG00000117461
PILRA,ENSG00000085514
PINK1,ENSG00000158828
PIP4K2A,ENSG00000150867
PIP5K1B,ENSG00000107242
PIPOX,ENSG00000179761
PITPNA-AS1,ENSG00000236618
PITPNC1,ENSG00000154217
PITPNM2,ENSG00000090975
PIWIL2,ENSG00000197181
PJVK,ENSG00000204311
PKD1L1,ENSG00000158683
PKD1L3,ENSG00000277481
PKD2,ENSG00000118762
PKD2L2-DT,ENSG00000250159
PKHD1,ENSG00000170927
PKHD1L1,ENSG00000205038
PKIA,ENSG00000171033
PKIA-AS1,ENSG00000254266
PKIB,ENSG00000135549
PKIG,ENSG00000168734
PKN2-AS1,ENSG00000237505
PKP4,ENSG00000144283
PLA2G12A,ENSG00000123739
PLA2G4A,ENSG00000116711
PLA2G4B,ENSG00000243708
PLA2G5,ENSG00000127472
PLA2G7,ENSG00000146070
PLAAT3,ENSG00000176485
PLAAT4,ENSG00000133321
PLAC8,ENSG00000145287
PLAG1,ENSG00000181690
PLAGL1,ENSG00000118495
PLAU,ENSG00000122861
PLAUR,ENSG00000011422
PLCB1,ENSG00000182621
PLCB4,ENSG00000101333
PLCD1,ENSG00000187091
PLCG1-AS1,ENSG00000226648
PLCG2,ENSG00000197943
PLCH1,ENSG00000114805
PLCL1,ENSG00000115896
PLCXD2,ENSG00000240891
PLD1,ENSG00000075651
PLD4,ENSG00000166428
PLD5,ENSG00000180287
PLEK,ENSG00000115956
PLEKHA4,ENSG00000105559
PLEKHA5,ENSG00000052126
PLEKHA6,ENSG00000143850
PLEKHA7,ENSG00000166689
PLEKHA8,ENSG00000106086
PLEKHA8P1,ENSG00000293316
PLEKHD1,ENSG00000175985
PLEKHF1,ENSG00000166289
PLEKHG1,ENSG00000120278
PLEKHG5,ENSG00000171680
PLEKHG7,ENSG00000187510
PLEKHH2,ENSG00000152527
PLEKHN1,ENSG00000187583
PLIN1,ENSG00000166819
PLIN2,ENSG00000147872
PLLP,ENSG00000102934
PLP2,ENSG00000102007
PLPP1,ENSG00000067113
PLPP3,ENSG00000162407
PLPP5,ENSG00000147535
PLS1,ENSG00000120756
PLSCR2,ENSG00000163746
PLVAP,ENSG00000130300
PLXDC1,ENSG00000161381
PLXDC2,ENSG00000120594
PLXNA2,ENSG00000076356
PLXNA4,ENSG00000221866
PLXNC1,ENSG00000136040
PMAIP1,ENSG00000141682
PMEL,ENSG00000185664
PMEPA1,ENSG00000124225
PMFBP1,ENSG00000118557
PMP22,ENSG00000109099
PNLDC1,ENSG00000146453
PNOC,ENSG00000168081
PNPLA1,ENSG00000180316
PNPLA7,ENSG00000130653
POC1B-AS1,ENSG00000270344
POF1B,ENSG00000124429
POLD4,ENSG00000175482
POLG2,ENSG00000256525
POLN,ENSG00000130997
POLQ,ENSG00000051341
POLR1C,ENSG00000171453
POLR1H,ENSG00000224859
POLR2F,ENSG00000100142
POLR2I,ENSG00000105258
POLR2J,ENSG00000005075
POLR2L,ENSG00000177700
POLR3B,ENSG00000013503
POLR3G,ENSG00000113356
POLR3GL,ENSG00000121851
PORCN,ENSG00000102312
POT1-AS1,ENSG00000224897
POU2AF1,ENSG00000110777
POU2F2,ENSG00000028277
POU5F1B,ENSG00000212993
POU6F1,ENSG00000184271
PPA1,ENSG00000180817
PPARG,ENSG00000132170
PPAT,ENSG00000128059
PPBP,ENSG00000163736
PPCDC,ENSG00000138621
PPDPF,ENSG00000125534
PPFIA2,ENSG00000139220
PPFIA3,ENSG00000177380
PPFIBP1,ENSG00000110841
PPIP5K1,ENSG00000168781
PPM1E,ENSG00000175175
PPM1H,ENSG00000111110
PPM1K-DT,ENSG00000246375
PPM1L,ENSG00000163590
PPM1N,ENSG00000213889
PPP1R12A-AS2,ENSG00000258048
PPP1R12B,ENSG00000077157
PPP1R13B,ENSG00000088808
PPP1R14A,ENSG00000167641
PPP1R15A,ENSG00000087074
PPP1R16B,ENSG00000101445
PPP1R26-AS1,ENSG00000225361
PPP1R35,ENSG00000160813
PPP1R3B-DT,ENSG00000285236
PPP1R9A,ENSG00000158528
PPP2R2B,ENSG00000156475
PPP2R3A,ENSG00000073711
PPP2R3B,ENSG00000292327
PPP2R5B,ENSG00000068971
PPP3CB-AS1,ENSG00000221817
PPP4R4,ENSG00000119698
PRAG1,ENSG00000292308
PRAM1,ENSG00000133246
PRANCR,ENSG00000257815
PRCP,ENSG00000137509
PRDM1,ENSG00000057657
PRDM11,ENSG00000019485
PRDM16,ENSG00000142611
PRDM5,ENSG00000138738
PRDM8,ENSG00000152784
PRDX2,ENSG00000167815
PRELID2,ENSG00000186314
PRF1,ENSG00000180644
PRG4,ENSG00000116690
PRH1,ENSG00000277823
PRICKLE1,ENSG00000139174
PRICKLE2,ENSG00000163637
PRIM1,ENSG00000198056
PRKAR1B,ENSG00000188191
PRKAR2B,ENSG00000005249
PRKCA,ENSG00000154229
PRKCE,ENSG00000171132
PRKCH-AS1,ENSG00000247287
PRKCQ-AS1,ENSG00000237943
PRKD1,ENSG00000184304
PRKG1,ENSG00000185532
PRKG2,ENSG00000138669
PRKN,ENSG00000185345
PRKX,ENSG00000183943
PRKY,ENSG00000099725
PRLR,ENSG00000113494
PRMT5-DT,ENSG00000257285
PRMT9,ENSG00000164169
PRND,ENSG00000171864
PRNP,ENSG00000171867
PROCA1,ENSG00000167525
PROCR,ENSG00000101000
PROK2,ENSG00000163421
PROM1,ENSG00000007062
PRPF40B,ENSG00000110844
PRR16,ENSG00000184838
PRR5,ENSG00000186654
PRR5-ARHGAP8,ENSG00000248405
PRR5L,ENSG00000135362
PRSS23,ENSG00000150687
PRSS57,ENSG00000185198
PRTFDC1,ENSG00000099256
PRUNE1,ENSG00000143363
PRXL2A,ENSG00000122378
PSAP,ENSG00000197746
PSAT1,ENSG00000135069
PSD3,ENSG00000156011
PSMA1,ENSG00000129084
PSMA8,ENSG00000154611
PSMB9,ENSG00000239836
PSMD7-DT,ENSG00000261404
PSMG3,ENSG00000157778
PSTK,ENSG00000179988
PSTPIP2,ENSG00000152229
PTAFR,ENSG00000169403
PTCH1,ENSG00000185920
PTCSC2,ENSG00000236130
PTGDR,ENSG00000168229
PTGDS,ENSG00000107317
PTGER3,ENSG00000050628
PTGS1,ENSG00000095303
PTGS2,ENSG00000073756
PTH2R,ENSG00000144407
PTK2,ENSG00000169398
PTOV1,ENSG00000104960
PTP4A2,ENSG00000184007
PTPDC1,ENSG00000158079
PTPN12,ENSG00000127947
PTPN13,ENSG00000163629
PTPN22,ENSG00000134242
PTPRB,ENSG00000127329
PTPRC,ENSG00000262418
PTPRCAP,ENSG00000213402
PTPRD,ENSG00000153707
PTPRE,ENSG00000132334
PTPRG,ENSG00000144724
PTPRK,ENSG00000273993
PTPRK-AS1,ENSG00000227945
PTPRM,ENSG00000173482
PTPRN2,ENSG00000282185
PTPRO,ENSG00000151490
PTPRS,ENSG00000105426
PTPRZ1,ENSG00000106278
PTRH2,ENSG00000141378
PTS,ENSG00000150787
PUDP,ENSG00000130021
PUS10,ENSG00000162927
PUS7,ENSG00000091127
PVT1,ENSG00000249859
PXDNL,ENSG00000147485
PXK,ENSG00000168297
PYGL,ENSG00000100504
PYGM,ENSG00000068976
PYHIN1,ENSG00000163564
PYROXD2,ENSG00000119943
PZP,ENSG00000126838
QKI,ENSG00000112531
QPCTL,ENSG00000011478
QSOX2,ENSG00000165661
RAB11FIP5,ENSG00000135631
RAB19,ENSG00000146955
RAB20,ENSG00000139832
RAB27A,ENSG00000069974
RAB27B,ENSG00000041353
RAB30,ENSG00000137502
RAB31,ENSG00000168461
RAB33B-AS1,ENSG00000273247
RAB37,ENSG00000172794
RAB39A,ENSG00000179331
RAB39B,ENSG00000155961
RAB3C,ENSG00000152932
RAB40C,ENSG00000197562
RABAC1,ENSG00000105404
RABEPK,ENSG00000136933
RABGAP1L-DT,ENSG00000227373
RAC2,ENSG00000128340
RAD23A,ENSG00000179262
RAD51C,ENSG00000108384
RAD54B,ENSG00000197275
RAD9A,ENSG00000172613
RADIL,ENSG00000157927
RADX,ENSG00000147231
RAG1,ENSG00000166349
RAI14,ENSG00000039560
RAI2,ENSG00000131831
RALGPS1,ENSG00000136828
RALGPS2,ENSG00000116191
RALGPS2-AS1,ENSG00000273062
RAMP1,ENSG00000132329
RAMP2,ENSG00000131477
RAMP3,ENSG00000122679
RANBP1,ENSG00000099901
RANBP17,ENSG00000204764
RANGRF,ENSG00000108961
RAP1B,ENSG00000127314
RAP1GAP2,ENSG00000132359
RAP2C-AS1,ENSG00000232160
RAPGEF2,ENSG00000109756
RAPGEF4,ENSG00000091428
RAPGEF5,ENSG00000136237
RAPH1,ENSG00000173166
RARB,ENSG00000077092
RARG,ENSG00000172819
RARRES1,ENSG00000118849
RARRES2,ENSG00000106538
RASA3,ENSG00000280477
RASAL2,ENSG00000075391
RASGEF1A,ENSG00000198915
RASGEF1B,ENSG00000138670
RASGRF2,ENSG00000113319
RASGRP1,ENSG00000172575
RASGRP3,ENSG00000152689
RASSF4,ENSG00000107551
RASSF6,ENSG00000169435
RASSF7,ENSG00000099849
RASSF8,ENSG00000123094
RAVER2,ENSG00000162437
RB1-DT,ENSG00000231473
RBFOX2,ENSG00000277564
RBFOX3,ENSG00000167281
RBKS,ENSG00000171174
RBM15-AS1,ENSG00000227963
RBM20,ENSG00000203867
RBM26-AS1,ENSG00000227354
RBM38,ENSG00000132819
RBM38-AS1,ENSG00000218018
RBM47,ENSG00000163694
RBMS3,ENSG00000144642
RBMX2,ENSG00000134597
RBP1,ENSG00000114115
RBPJ,ENSG00000168214
RBPMS,ENSG00000157110
RCAN1,ENSG00000159200
RCAN2,ENSG00000172348
RCAN3,ENSG00000117602
RCBTB2,ENSG00000136161
RCSD1,ENSG00000198771
RDH10,ENSG00000121039
RDUR,ENSG00000214407
REL,ENSG00000162924
RELA-DT,ENSG00000285533
RELN,ENSG00000189056
REPS2,ENSG00000169891
RETN,ENSG00000104918
RETREG1,ENSG00000154153
RETREG1-AS1,ENSG00000246214
REX1BD,ENSG00000006015
REXO2,ENSG00000076043
RFC3,ENSG00000133119
RFLNB,ENSG00000183688
RFTN1,ENSG00000131378
RFX2,ENSG00000087903
RFX3-DT,ENSG00000232104
RFX8,ENSG00000196460
RGCC,ENSG00000102760
RGL1,ENSG00000143344
RGS1,ENSG00000090104
RGS12,ENSG00000159788
RGS13,ENSG00000127074
RGS16,ENSG00000143333
RGS17,ENSG00000091844
RGS18,ENSG00000150681
RGS2,ENSG00000116741
RGS3,ENSG00000138835
RGS5,ENSG00000143248
RGS6,ENSG00000182732
RGS7,ENSG00000182901
RGS9,ENSG00000108370
RHAG,ENSG00000112077
RHBDD1,ENSG00000144468
RHD,ENSG00000187010
RHEX,ENSG00000263961
RHOBTB1,ENSG00000072422
RHOBTB3,ENSG00000164292
RHOH,ENSG00000168421
RHOXF1,ENSG00000101883
RHPN2,ENSG00000131941
RIC3,ENSG00000166405
RIGI,ENSG00000107201
RILPL1,ENSG00000188026
RIMS2,ENSG00000176406
RIN2,ENSG00000132669
RIN3,ENSG00000100599
RINL,ENSG00000187994
RIPOR3,ENSG00000042062
RLIM,ENSG00000131263
RMDN2,ENSG00000115841
RMI2,ENSG00000175643
RN7SL336P,ENSG00000264017
RNASE1,ENSG00000129538
RNASE2,ENSG00000169385
RNASE6,ENSG00000169413
RNASEH1-DT,ENSG00000234171
RNF103-CHMP3,ENSG00000249884
RNF113A,ENSG00000125352
RNF125,ENSG00000101695
RNF130,ENSG00000113269
RNF144A,ENSG00000151692
RNF144B,ENSG00000137393
RNF150,ENSG00000170153
RNF152,ENSG00000176641
RNF157,ENSG00000141576
RNF166,ENSG00000158717
RNF17,ENSG00000132972
RNF175,ENSG00000145428
RNF19B,ENSG00000116514
RNF212,ENSG00000178222
RNF212B,ENSG00000215277
RNF215,ENSG00000099999
RNF217,ENSG00000146373
RNF217-AS1,ENSG00000236548
RNF220,ENSG00000187147
RNF24,ENSG00000101236
RNF32-DT,ENSG00000182648
RNF43,ENSG00000108375
RNFT2,ENSG00000135119
RNLS,ENSG00000184719
ROBO1,ENSG00000169855
ROBO3,ENSG00000154134
ROMO1,ENSG00000125995
ROR1,ENSG00000185483
ROR2,ENSG00000169071
RORA,ENSG00000069667
RORB,ENSG00000198963
RORC,ENSG00000143365
RP9,ENSG00000164610
RPGRIP1L,ENSG00000103494
RPH3AL,ENSG00000181031
RPIA,ENSG00000153574
RPL10P19,ENSG00000285368
RPL12,ENSG00000197958
RPL13,ENSG00000167526
RPL18,ENSG00000063177
RPL21,ENSG00000122026
RPL21P28,ENSG00000220749
RPL23,ENSG00000125691
RPL26,ENSG00000161970
RPL29,ENSG00000162244
RPL31,ENSG00000071082
RPL31P46,ENSG00000241170
RPL32,ENSG00000144713
RPL32P3,ENSG00000251474
RPL34,ENSG00000109475
RPL34-DT,ENSG00000234492
RPL34P27,ENSG00000232858
RPL35A,ENSG00000182899
RPL36,ENSG00000130255
RPL36AL,ENSG00000165502
RPL37A,ENSG00000197756
RPL5,ENSG00000122406
RPL7,ENSG00000147604
RPL9,ENSG00000163682
RPLP0,ENSG00000089157
RPLP1,ENSG00000137818
RPLP2,ENSG00000177600
RPP21,ENSG00000239865
RPP25L,ENSG00000164967
RPP38,ENSG00000152464
RPS10P7,ENSG00000223396
RPS11,ENSG00000142534
RPS12,ENSG00000112306
RPS13,ENSG00000110700
RPS14,ENSG00000164587
RPS15,ENSG00000115268
RPS16,ENSG00000105193
RPS17,ENSG00000182774
RPS18P9,ENSG00000220848
RPS19,ENSG00000105372
RPS21,ENSG00000171858
RPS23,ENSG00000186468
RPS25,ENSG00000118181
RPS26,ENSG00000197728
RPS27,ENSG00000177954
RPS27A,ENSG00000143947
RPS27AP16,ENSG00000224631
RPS29,ENSG00000213741
RPS4X,ENSG00000198034
RPS5,ENSG00000083845
RPS6,ENSG00000137154
RPS6KA2,ENSG00000071242
RPS6KA6,ENSG00000072133
RPS8,ENSG00000142937
RRAGC-DT,ENSG00000228436
RRAS2,ENSG00000133818
RRM2,ENSG00000171848
RSAD2,ENSG00000134321
RSPH3,ENSG00000130363
RSPO4,ENSG00000101282
RTCA-AS1,ENSG00000224616
RTKN2,ENSG00000182010
RTN1,ENSG00000139970
RTN4IP1,ENSG00000130347
RTN4RL1,ENSG00000185924
RUBCNL,ENSG00000102445
RUFY3,ENSG00000018189
RUFY4,ENSG00000188282
RUNDC3B,ENSG00000105784
RUNX2,ENSG00000124813
RUSC2,ENSG00000198853
RUVBL1,ENSG00000175792
RWDD2B,ENSG00000291523
RXFP1,ENSG00000171509
RXYLT1,ENSG00000118600
RYR1,ENSG00000196218
RYR2,ENSG00000198626
RYR3,ENSG00000198838
S100A12,ENSG00000163221
S100A14,ENSG00000189334
S100A4,ENSG00000196154
S100A8,ENSG00000143546
S100A9,ENSG00000163220
S100B,ENSG00000160307
S100Z,ENSG00000171643
S1PR1-DT,ENSG00000225938
S1PR4,ENSG00000125910
S1PR5,ENSG00000180739
SAMD1,ENSG00000288488
SAMD12,ENSG00000177570
SAMD12-AS1,ENSG00000281641
SAMD3,ENSG00000164483
SAMD4A,ENSG00000020577
SAMHD1,ENSG00000101347
SAMSN1,ENSG00000155307
SAP25,ENSG00000205307
SARAF,ENSG00000133872
SASH1,ENSG00000111961
SASS6,ENSG00000156876
SAT1,ENSG00000130066
SATB1-AS1,ENSG00000228956
SATB2,ENSG00000119042
SAXO1,ENSG00000155875
SAXO2,ENSG00000188659
SBF2-AS1,ENSG00000246273
SBK1,ENSG00000188322
SCAI,ENSG00000173611
SCAMP3,ENSG00000116521
SCAND1,ENSG00000171222
SCART1,ENSG00000214279
SCAT1,ENSG00000267123
SCCPDH,ENSG00000143653
SCD5,ENSG00000145284
SCFD2,ENSG00000184178
SCG5,ENSG00000166922
SCGB2B2,ENSG00000205209
SCIMP,ENSG00000161929
SCIN,ENSG00000006747
SCMH1,ENSG00000010803
SCML4,ENSG00000146285
SCN11A,ENSG00000168356
SCN3A,ENSG00000153253
SCN8A,ENSG00000196876
SCN9A,ENSG00000169432
SCOC-AS1,ENSG00000196951
SCRN2,ENSG00000141295
SDAD1P1,ENSG00000228451
SDC2,ENSG00000169439
SDCBP,ENSG00000137575
SDHAF1,ENSG00000205138
SDHAF3,ENSG00000196636
SDK1,ENSG00000146555
SDK2,ENSG00000069188
SDS,ENSG00000135094
SEC14L2,ENSG00000100003
SEC1P,ENSG00000232871
SEC24B-AS1,ENSG00000247950
SEC31B,ENSG00000075826
SEC61B,ENSG00000106803
SEL1L3,ENSG00000091490
SELENBP1,ENSG00000143416
SELENOH,ENSG00000211450
SELENOK,ENSG00000113811
SELENOM,ENSG00000198832
SELENOP,ENSG00000250722
SELL,ENSG00000188404
SELP,ENSG00000174175
SEMA3A,ENSG00000075213
SEMA3C,ENSG00000075223
SEMA4B,ENSG00000185033
SEMA4C,ENSG00000168758
SEMA5A,ENSG00000112902
SEMA6A-AS1,ENSG00000248445
SEMA6B,ENSG00000167680
SEMA7A,ENSG00000138623
SEPTIN1,ENSG00000180096
SEPTIN7-DT,ENSG00000228878
SERINC5,ENSG00000164300
SERP2,ENSG00000151778
SERPINA1,ENSG00000277377
SERPINB1,ENSG00000021355
SERPINB2,ENSG00000197632
SERPINB9,ENSG00000170542
SERPINE2,ENSG00000135919
SERPINF1,ENSG00000282307
SERPING1,ENSG00000149131
SERPINH1,ENSG00000149257
SERPINI1,ENSG00000163536
SESN2,ENSG00000285069
SESN3,ENSG00000149212
SET,ENSG00000119335
SETBP1,ENSG00000152217
SETD6,ENSG00000103037
SETD7,ENSG00000145391
SEZ6L,ENSG00000100095
SF3B5,ENSG00000169976
SFMBT2,ENSG00000198879
SFTPB,ENSG00000168878
SFTPC,ENSG00000168484
SFXN2,ENSG00000156398
SFXN5,ENSG00000144040
SGCD,ENSG00000170624
SGCE,ENSG00000127990
SGCZ,ENSG00000185053
SGIP1,ENSG00000118473
SGK1,ENSG00000118515
SGO1-AS1,ENSG00000231304
SGO2,ENSG00000163535
SGPP2,ENSG00000163082
SGSM1,ENSG00000167037
SGSM3,ENSG00000100359
SH2D1A,ENSG00000183918
SH2D1B,ENSG00000198574
SH2D2A,ENSG00000027869
SH2D3A,ENSG00000125731
SH2D4B,ENSG00000178217
SH3BGRL2,ENSG00000198478
SH3D19,ENSG00000109686
SH3PXD2A,ENSG00000107957
SH3PXD2B,ENSG00000174705
SH3RF1,ENSG00000154447
SH3RF2,ENSG00000156463
SH3RF3,ENSG00000172985
SHANK2,ENSG00000162105
SHB,ENSG00000107338
SHC3,ENSG00000148082
SHROOM3,ENSG00000138771
SIAE,ENSG00000110013
SIAH2-AS1,ENSG00000244265
SIAH3,ENSG00000215475
SIGIRR,ENSG00000185187
SIGLEC1,ENSG00000088827
SIK2,ENSG00000170145
SIMC1,ENSG00000170085
SINHCAF,ENSG00000276371
SIPA1L1,ENSG00000197555
SIPA1L1-AS1,ENSG00000259146
SIPA1L2,ENSG00000116991
SIPA1L3,ENSG00000105738
SIRPA,ENSG00000198053
SIRPB3P,ENSG00000223750
SIRPG,ENSG00000089012
SIRT2,ENSG00000068903
SIRT4,ENSG00000089163
SIRT5,ENSG00000124523
SIT1,ENSG00000137078
SIVA1,ENSG00000184990
SKA2,ENSG00000182628
SKAP1,ENSG00000141293
SKAP1-AS1,ENSG00000263787
SKAP2,ENSG00000005020
SLA,ENSG00000155926
SLA2,ENSG00000101082
SLAIN1,ENSG00000139737
SLAMF1,ENSG00000117090
SLAMF6,ENSG00000162739
SLAMF7,ENSG00000026751
SLC11A1,ENSG00000018280
SLC12A2,ENSG00000064651
SLC12A2-DT,ENSG00000245937
SLC12A3,ENSG00000070915
SLC12A8,ENSG00000221955
SLC13A3,ENSG00000158296
SLC14A1,ENSG00000141469
SLC14A2,ENSG00000132874
SLC15A2,ENSG00000163406
SLC15A4,ENSG00000139370
SLC16A1,ENSG00000155380
SLC16A1-AS1,ENSG00000226419
SLC16A10,ENSG00000112394
SLC16A4,ENSG00000168679
SLC16A7,ENSG00000118596
SLC18A2,ENSG00000165646
SLC18B1,ENSG00000146409
SLC1A2,ENSG00000110436
SLC1A3,ENSG00000079215
SLC1A4,ENSG00000115902
SLC22A1,ENSG00000175003
SLC22A15,ENSG00000163393
SLC22A23,ENSG00000137266
SLC23A2,ENSG00000089057
SLC23A3,ENSG00000213901
SLC24A1,ENSG00000074621
SLC24A2,ENSG00000155886
SLC24A3,ENSG00000185052
SLC24A4,ENSG00000140090
SLC25A21,ENSG00000183032
SLC25A23,ENSG00000125648
SLC25A24P1,ENSG00000290547
SLC25A37,ENSG00000147454
SLC25A4,ENSG00000151729
SLC25A42,ENSG00000181035
SLC25A5,ENSG00000005022
SLC26A11,ENSG00000181045
SLC26A5,ENSG00000170615
SLC26A7,ENSG00000147606
SLC26A8,ENSG00000112053
SLC27A2,ENSG00000140284
SLC29A2,ENSG00000174669
SLC2A1-DT,ENSG00000227533
SLC2A11,ENSG00000275744
SLC2A13,ENSG00000151229
SLC2A4RG,ENSG00000125520
SLC2A5,ENSG00000142583
SLC2A9,ENSG00000109667
SLC30A4,ENSG00000104154
SLC30A8,ENSG00000164756
SLC35D1,ENSG00000116704
SLC35E4,ENSG00000100036
SLC35F2,ENSG00000110660
SLC35F3,ENSG00000183780
SLC35G1,ENSG00000176273
SLC36A1,ENSG00000123643
SLC38A11,ENSG00000169507
SLC38A4-AS1,ENSG00000257261
SLC38A6,ENSG00000139974
SLC39A8,ENSG00000138821
SLC3A1,ENSG00000138079
SLC40A1,ENSG00000138449
SLC41A2,ENSG00000136052
SLC43A2,ENSG00000167703
SLC44A1,ENSG00000070214
SLC44A3-AS1,ENSG00000293271
SLC44A5,ENSG00000137968
SLC45A3,ENSG00000158715
SLC49A4,ENSG00000138463
SLC4A1,ENSG00000004939
SLC4A10,ENSG00000144290
SLC4A4,ENSG00000080493
SLC4A5,ENSG00000188687
SLC4A8,ENSG00000050438
SLC5A11,ENSG00000288216
SLC5A4-AS1,ENSG00000242082
SLC5A5,ENSG00000105641
SLC6A16,ENSG00000063127
SLC7A11,ENSG00000151012
SLC7A5,ENSG00000103257
SLC7A7,ENSG00000155465
SLC7A8,ENSG00000092068
SLC8A1,ENSG00000183023
SLC8A1-AS1,ENSG00000227028
SLC8A3,ENSG00000100678
SLC9A1,ENSG00000090020
SLC9A3,ENSG00000066230
SLC9A7,ENSG00000065923
SLC9A9,ENSG00000181804
SLC9B1,ENSG00000164037
SLC9B2,ENSG00000164038
SLC9C1,ENSG00000172139
SLCO2B1,ENSG00000137491
SLCO3A1,ENSG00000176463
SLCO4A1-AS2,ENSG00000277496
SLCO4C1,ENSG00000173930
SLCO5A1,ENSG00000137571
SLCO5A1-AS1,ENSG00000246528
SLF1,ENSG00000133302
SLFN12L,ENSG00000205045
SLIRP,ENSG00000119705
SLIT1,ENSG00000187122
SLIT2,ENSG00000145147
SLIT3,ENSG00000184347
SMAD3,ENSG00000166949
SMAGP,ENSG00000170545
SMANTIS,ENSG00000288869
SMARCA1,ENSG00000102038
SMARCD3,ENSG00000082014
SMC2,ENSG00000136824
SMC6,ENSG00000163029
SMCHD1,ENSG00000101596
SMIM1,ENSG00000235169
SMIM13,ENSG00000224531
SMIM19,ENSG00000176209
SMIM20,ENSG00000250317
SMIM26,ENSG00000232388
SMIM27,ENSG00000235453
SMIM8,ENSG00000111850
SMPD3,ENSG00000103056
SMS,ENSG00000102172
SMYD3,ENSG00000185420
SMYD4,ENSG00000186532
SNAI3,ENSG00000185669
SNAPC1,ENSG00000023608
SNCA,ENSG00000145335
SNED1,ENSG00000162804
SNED1-AS1,ENSG00000225521
SNHG11,ENSG00000174365
SNHG14,ENSG00000224078
SNHG19,ENSG00000260260
SNHG25,ENSG00000266402
SNHG31,ENSG00000229267
SNHG32,ENSG00000229300
SNHG6,ENSG00000245910
SNHG8,ENSG00000269893
SNHG9,ENSG00000291945
SNPH,ENSG00000101298
SNRPD2,ENSG00000125743
SNTA1,ENSG00000101400
SNTB1,ENSG00000172164
SNTG2,ENSG00000172554
SNX10,ENSG00000086300
SNX22,ENSG00000157734
SNX29,ENSG00000048471
SNX3,ENSG00000112335
SOBP,ENSG00000112320
SOCAR,ENSG00000240350
SOCS2,ENSG00000120833
SOCS7,ENSG00000274211
SOD2,ENSG00000291237
SORBS1,ENSG00000095637
SORBS2,ENSG00000154556
SORCS3,ENSG00000156395
SORD,ENSG00000140263
SOS1,ENSG00000115904
SOX13,ENSG00000143842
SOX2,ENSG00000181449
SOX2-OT,ENSG00000242808
SOX4,ENSG00000124766
SOX5,ENSG00000134532
SOX6,ENSG00000110693
SP140,ENSG00000079263
SPACA6,ENSG00000182310
SPACDR,ENSG00000185955
SPAG1,ENSG00000104450
SPAG16,ENSG00000144451
SPAG5-AS1,ENSG00000227543
SPANXA2-OT1,ENSG00000277215
SPATA1,ENSG00000122432
SPATA22,ENSG00000141255
SPATA6,ENSG00000132122
SPATA6L,ENSG00000106686
SPATA7,ENSG00000042317
SPATA9,ENSG00000145757
SPATS2,ENSG00000123352
SPATS2L,ENSG00000196141
SPCS1,ENSG00000114902
SPECC1,ENSG00000128487
SPEF2,ENSG00000152582
SPESP1,ENSG00000258484
SPI1,ENSG00000066336
SPIB,ENSG00000269404
SPICE1,ENSG00000163611
SPIN3,ENSG00000204271
SPINK1,ENSG00000164266
SPINK2,ENSG00000128040
SPIRE1,ENSG00000134278
SPIRE2,ENSG00000204991
SPOCK1,ENSG00000152377
SPOCK2,ENSG00000107742
SPOCK3,ENSG00000196104
SPON1,ENSG00000262655
SPON1-AS1,ENSG00000254418
SPON2,ENSG00000159674
SPOPL-DT,ENSG00000228043
SPP1,ENSG00000118785
SPPL2B,ENSG00000005206
SPRED1,ENSG00000166068
SPRED2,ENSG00000198369
SPRY1,ENSG00000164056
SPRY3,ENSG00000168939
SPSB1,ENSG00000171621
SPSB3,ENSG00000162032
SPTA1,ENSG00000163554
SPTBN1-AS2,ENSG00000238018
SPTBN4,ENSG00000160460
SPTLC3,ENSG00000172296
SPTSSB,ENSG00000196542
SQLE,ENSG00000104549
SRD5A1,ENSG00000145545
SREBF2-AS1,ENSG00000184068
SRGAP1,ENSG00000196935
SRGAP2,ENSG00000266028
SRGAP3,ENSG00000196220
SRGN,ENSG00000122862
SRM,ENSG00000116649
SRPX,ENSG00000101955
SRRD,ENSG00000100104
SRSF8,ENSG00000263465
SSBP2,ENSG00000145687
SSBP3,ENSG00000157216
SSPN,ENSG00000123096
SSR4,ENSG00000180879
SSX2IP,ENSG00000117155
ST18,ENSG00000147488
ST3GAL4,ENSG00000110080
ST3GAL6,ENSG00000064225
ST6GALNAC1,ENSG00000070526
ST6GALNAC3,ENSG00000184005
ST7,ENSG00000004866
ST8SIA1,ENSG00000111728
ST8SIA4,ENSG00000113532
ST8SIA6,ENSG00000148488
STAB1,ENSG00000010327
STAC,ENSG00000144681
STAG3,ENSG00000066923
STAM-DT,ENSG00000260589
STAMBPL1,ENSG00000138134
STAP1,ENSG00000035720
STARD10,ENSG00000214530
STARD13,ENSG00000133121
STARD4-AS1,ENSG00000246859
STARD9,ENSG00000159433
STAT1,ENSG00000115415
STAT4,ENSG00000138378
STEAP1B,ENSG00000105889
STEAP4,ENSG00000127954
STK17A,ENSG00000164543
STK3,ENSG00000104375
STK31,ENSG00000196335
STK32B,ENSG00000152953
STK33,ENSG00000130413
STMN1,ENSG00000117632
STMN2,ENSG00000104435
STMN3,ENSG00000197457
STON1,ENSG00000243244
STON2,ENSG00000140022
STOX1,ENSG00000165730
STPG1,ENSG00000001460
STPG2,ENSG00000163116
STPG4,ENSG00000239605
STRBP,ENSG00000165209
STS,ENSG00000101846
STX18-AS1,ENSG00000247708
STX7,ENSG00000079950
STXBP1,ENSG00000136854
STXBP4,ENSG00000166263
STXBP5,ENSG00000164506
STXBP5-AS1,ENSG00000233452
STXBP6,ENSG00000168952
STYK1,ENSG00000060140
SUCLG2-DT,ENSG00000241316
SUCNR1,ENSG00000198829
SUGCT,ENSG00000175600
SULF2,ENSG00000196562
SULT1B1,ENSG00000173597
SULT1E1,ENSG00000109193
SUMF1,ENSG00000144455
SUPT3H,ENSG00000196284
SUSD1,ENSG00000106868
SUSD4,ENSG00000143502
SV2C,ENSG00000122012
SVIL,ENSG00000197321
SVIP,ENSG00000198168
SWAP70,ENSG00000133789
SWI5,ENSG00000175854
SWINGN,ENSG00000260910
SWSAP1,ENSG00000173928
SYBU,ENSG00000147642
SYCE2,ENSG00000161860
SYCP2,ENSG00000196074
SYCP2L,ENSG00000153157
SYDE2,ENSG00000097096
SYK,ENSG00000165025
SYN3,ENSG00000185666
SYNE1,ENSG00000131018
SYNE2,ENSG00000054654
SYNGAP1,ENSG00000197283
SYNGR1,ENSG00000100321
SYNM,ENSG00000182253
SYNM-AS1,ENSG00000259475
SYNPO2,ENSG00000172403
SYT1,ENSG00000067715
SYT17,ENSG00000103528
SYT9-AS1,ENSG00000251364
SYTL1,ENSG00000142765
SYTL2,ENSG00000137501
SYTL3,ENSG00000164674
SYTL4,ENSG00000102362
TACC1,ENSG00000147526
TACSTD2,ENSG00000184292
TAF4B,ENSG00000141384
TAFA1,ENSG00000183662
TAFA2,ENSG00000198673
TAGAP-AS1,ENSG00000271913
TAGLN,ENSG00000149591
TAL1,ENSG00000162367
TALDO1,ENSG00000177156
TANC2,ENSG00000170921
TAPT1-AS1,ENSG00000263327
TARP,ENSG00000211689
TARS3,ENSG00000185418
TBC1D10C,ENSG00000175463
TBC1D16,ENSG00000167291
TBC1D19,ENSG00000109680
TBC1D2,ENSG00000095383
TBC1D30,ENSG00000111490
TBC1D32,ENSG00000146350
TBC1D4,ENSG00000136111
TBC1D7,ENSG00000145979
TBC1D8,ENSG00000204634
TBC1D9,ENSG00000109436
TBX21,ENSG00000073861
TBXAS1,ENSG00000059377
TC2N,ENSG00000276776
TCAF1,ENSG00000198420
TCAIM,ENSG00000179152
TCAP,ENSG00000173991
TCEA3,ENSG00000204219
TCEAL3,ENSG00000196507
TCEAL4,ENSG00000133142
TCEAL8,ENSG00000180964
TCEANC,ENSG00000176896
TCERG1L,ENSG00000176769
TCF4,ENSG00000196628
TCF7,ENSG00000081059
TCF7L1,ENSG00000152284
TCF7L2,ENSG00000148737
TCFL5,ENSG00000101190
TCL1A,ENSG00000100721
TCP10L,ENSG00000242220
TCP11L2,ENSG00000166046
TCTN1,ENSG00000204852
TCTN3,ENSG00000119977
TDRD12,ENSG00000173809
TDRD15,ENSG00000291547
TDRD9,ENSG00000156414
TEAD1,ENSG00000187079
TEC,ENSG00000135605
TECRL,ENSG00000205678
TENM1,ENSG00000009694
TENM2,ENSG00000145934
TENM3,ENSG00000218336
TENM4,ENSG00000149256
TENT5A,ENSG00000112773
TENT5C,ENSG00000183508
TERB1,ENSG00000249961
TESC,ENSG00000088992
TESK2,ENSG00000070759
TESMIN,ENSG00000132749
TESPA1,ENSG00000135426
TET1,ENSG00000138336
TEX21P,ENSG00000234911
TEX29,ENSG00000153495
TEX35,ENSG00000240021
TEX41,ENSG00000226674
TEX9,ENSG00000151575
TF,ENSG00000091513
TFAP2E,ENSG00000116819
TFCP2L1,ENSG00000115112
TFDP2,ENSG00000114126
TFEC,ENSG00000105967
TFPI,ENSG00000003436
TFPI2,ENSG00000105825
TFR2,ENSG00000106327
TFRC,ENSG00000072274
TG,ENSG00000042832
TGFA,ENSG00000163235
TGFBI,ENSG00000120708
TGFBR3,ENSG00000069702
THAP2,ENSG00000173451
THAP7,ENSG00000184436
THBS1,ENSG00000137801
THBS4,ENSG00000113296
THBS4-AS1,ENSG00000249825
THEMIS,ENSG00000275122
THRA,ENSG00000126351
THRB,ENSG00000151090
THSD4-AS1,ENSG00000259964
THSD7A,ENSG00000005108
THSD7B,ENSG00000144229
TIAM1,ENSG00000156299
TICAM2-AS1,ENSG00000249249
TIGD7,ENSG00000140993
TIGIT,ENSG00000181847
TIMD4,ENSG00000145850
TIMP1,ENSG00000102265
TIMP2,ENSG00000035862
TIMP3,ENSG00000100234
TJP3,ENSG00000105289
TLCD4,ENSG00000152078
TLE1,ENSG00000196781
TLE1-DT,ENSG00000233926
TLE2,ENSG00000065717
TLN2,ENSG00000171914
TLR10,ENSG00000174123
TLR2,ENSG00000137462
TLR4,ENSG00000136869
TLR7,ENSG00000196664
TM4SF1,ENSG00000169908
TM4SF19,ENSG00000145107
TM9SF5P,ENSG00000234062
TMBIM7P,ENSG00000230927
TMC1,ENSG00000165091
TMCC3,ENSG00000057704
TMED11P,ENSG00000215367
TMED3,ENSG00000166557
TMEM116,ENSG00000198270
TMEM117,ENSG00000139173
TMEM120B,ENSG00000188735
TMEM132C,ENSG00000181234
TMEM134,ENSG00000172663
TMEM143,ENSG00000161558
TMEM144,ENSG00000164124
TMEM14B,ENSG00000137210
TMEM150C,ENSG00000249242
TMEM154,ENSG00000170006
TMEM156,ENSG00000121895
TMEM160,ENSG00000130748
TMEM163,ENSG00000152128
TMEM164,ENSG00000157600
TMEM169,ENSG00000163449
TMEM176A,ENSG00000002933
TMEM176B,ENSG00000106565
TMEM178B,ENSG00000261115
TMEM179B,ENSG00000185475
TMEM182,ENSG00000170417
TMEM192,ENSG00000170088
TMEM200A,ENSG00000164484
TMEM204,ENSG00000131634
TMEM217,ENSG00000172738
TMEM220,ENSG00000187824
TMEM223,ENSG00000168569
TMEM232,ENSG00000186952
TMEM244,ENSG00000203756
TMEM25,ENSG00000149582
TMEM254,ENSG00000133678
TMEM254-AS1,ENSG00000230091
TMEM256,ENSG00000205544
TMEM258,ENSG00000134825
TMEM272,ENSG00000281106
TMEM273,ENSG00000204161
TMEM276,ENSG00000291317
TMEM38A,ENSG00000072954
TMEM38B,ENSG00000095209
TMEM45B,ENSG00000151715
TMEM51,ENSG00000171729
TMEM67,ENSG00000164953
TMEM71,ENSG00000165071
TMEM91,ENSG00000142046
TMIGD2,ENSG00000167664
TMLHE-AS1,ENSG00000224533
TMOD1,ENSG00000136842
TMPRSS6,ENSG00000187045
TMSB10,ENSG00000034510
TMSB15B,ENSG00000158427
TMTC1,ENSG00000133687
TMTC2,ENSG00000179104
TMTC3,ENSG00000139324
TNF,ENSG00000228321
TNFAIP2,ENSG00000185215
TNFAIP3,ENSG00000118503
TNFAIP6,ENSG00000123610
TNFRSF10B,ENSG00000120889
TNFRSF10D,ENSG00000173530
TNFRSF11A,ENSG00000141655
TNFRSF12A,ENSG00000006327
TNFRSF13B,ENSG00000240505
TNFRSF13C,ENSG00000159958
TNFRSF14-AS1,ENSG00000238164
TNFRSF18,ENSG00000186891
TNFRSF1B,ENSG00000028137
TNFRSF21,ENSG00000146072
TNFRSF25,ENSG00000215788
TNFRSF4,ENSG00000186827
TNFRSF8,ENSG00000120949
TNFRSF9,ENSG00000049249
TNFSF10,ENSG00000121858
TNFSF11,ENSG00000120659
TNFSF13B,ENSG00000102524
TNFSF14,ENSG00000125735
TNFSF15,ENSG00000181634
TNFSF4,ENSG00000117586
TNFSF8,ENSG00000106952
TNIK,ENSG00000154310
TNIP3,ENSG00000050730
TNNI3K,ENSG00000116783
TNNT2,ENSG00000118194
TNR,ENSG00000116147
TNS1,ENSG00000079308
TNS3,ENSG00000136205
TOB1,ENSG00000141232
TOB1-AS1,ENSG00000229980
TOGARAM2,ENSG00000189350
TOP1,ENSG00000198900
TOP2A,ENSG00000131747
TOX,ENSG00000198846
TOX-DT,ENSG00000167912
TOX2,ENSG00000124191
TP53INP1,ENSG00000164938
TP53TG1,ENSG00000182165
TP63,ENSG00000073282
TPD52,ENSG00000076554
TPK1,ENSG00000196511
TPM1,ENSG00000140416
TPM2,ENSG00000198467
TPRG1,ENSG00000188001
TPRN,ENSG00000176058
TPSAB1,ENSG00000172236
TPSB2,ENSG00000197253
TPST1,ENSG00000169902
TPT1,ENSG00000133112
TPTE2,ENSG00000132958
TPX2,ENSG00000088325
TRABD2A,ENSG00000186854
TRAC,ENSG00000277734
TRAF1,ENSG00000056558
TRAF3IP1,ENSG00000204104
TRAF3IP2,ENSG00000056972
TRAF3IP2-AS1,ENSG00000231889
TRAM2,ENSG00000065308
TRAM2-AS1,ENSG00000225791
TRAPPC6A,ENSG00000007255
TRAT1,ENSG00000163519
TRAV13-1,ENSG00000211788
TRAV17,ENSG00000211797
TRAV25,ENSG00000211806
TRAV4,ENSG00000211778
TRAV6,ENSG00000211780
TRBC1,ENSG00000281981
TRBC2,ENSG00000276849
TRBV18,ENSG00000282771
TRBV20-1,ENSG00000282064
TRBV28,ENSG00000282812
TRBV5-1,ENSG00000282803
TRD-AS1,ENSG00000251002
TRDC,ENSG00000211829
TRDN,ENSG00000186439
TRDV2,ENSG00000211821
TRG-AS1,ENSG00000281103
TRGC2,ENSG00000227191
TRGV9,ENSG00000211695
TRHDE,ENSG00000072657
TRIB2,ENSG00000071575
TRIM16,ENSG00000221926
TRIM2,ENSG00000109654
TRIM35,ENSG00000104228
TRIM44,ENSG00000166326
TRIM52-AS1,ENSG00000248275
TRIM62,ENSG00000116525
TRIM7-AS2,ENSG00000250222
TRIM9,ENSG00000100505
TRIO,ENSG00000038382
TRIQK,ENSG00000205133
TRMT11,ENSG00000066651
TRMT112,ENSG00000173113
TRNAU1AP,ENSG00000180098
TRPC1,ENSG00000144935
TRPC3,ENSG00000138741
TRPC6,ENSG00000137672
TRPM1,ENSG00000274965
TRPM2,ENSG00000142185
TRPM3,ENSG00000083067
TRPM5,ENSG00000070985
TRPM6,ENSG00000119121
TRPS1,ENSG00000104447
TRPT1,ENSG00000149743
TSC22D3,ENSG00000157514
TSEN54,ENSG00000182173
TSGA10,ENSG00000135951
TSHR,ENSG00000165409
TSHZ1,ENSG00000179981
TSHZ2,ENSG00000182463
TSHZ3,ENSG00000121297
TSNAX-DISC1,ENSG00000270106
TSPAN13,ENSG00000106537
TSPAN18,ENSG00000157570
TSPAN2,ENSG00000134198
TSPAN32,ENSG00000064201
TSPAN33,ENSG00000158457
TSPAN5,ENSG00000168785
TSPAN9,ENSG00000011105
TSPOAP1,ENSG00000005379
TSPOAP1-AS1,ENSG00000265148
TSTD1,ENSG00000215845
TSTD3,ENSG00000279170
TTC16,ENSG00000167094
TTC21A,ENSG00000168026
TTC22,ENSG00000006555
TTC23L,ENSG00000205838
TTC28,ENSG00000100154
TTC28-AS1,ENSG00000235954
TTC38,ENSG00000075234
TTC7B,ENSG00000165914
TTC8,ENSG00000165533
TTC9,ENSG00000133985
TTI2,ENSG00000129696
TTLL1,ENSG00000100271
TTLL11,ENSG00000175764
TTLL7,ENSG00000137941
TTN,ENSG00000155657
TTR,ENSG00000118271
TTTY10,ENSG00000229236
TTTY14,ENSG00000176728
TTYH3,ENSG00000136295
TUBA1A,ENSG00000167552
TUBA3FP,ENSG00000284130
TUBA4A,ENSG00000127824
TUBB1,ENSG00000101162
TUBB2B,ENSG00000137285
TULP3,ENSG00000078246
TVP23A,ENSG00000166676
TWSG1,ENSG00000128791
TXK,ENSG00000074966
TXLNB,ENSG00000164440
TXN,ENSG00000136810
TXNDC11,ENSG00000153066
TXNDC5,ENSG00000239264
TXNL4B,ENSG00000140830
TXNRD3,ENSG00000197763
TYMP,ENSG00000025708
TYR,ENSG00000077498
TYROBP,ENSG00000011600
UACA,ENSG00000137831
UBA52,ENSG00000221983
UBA6-DT,ENSG00000248049
UBASH3B,ENSG00000154127
UBE2E2,ENSG00000182247
UBE2Q2P2,ENSG00000290945
UBE3D,ENSG00000118420
UBL5,ENSG00000198258
UBR5-DT,ENSG00000246263
UBTD1,ENSG00000165886
UBXN2B,ENSG00000215114
UCK2,ENSG00000143179
UCKL1-AS1,ENSG00000280213
UFC1,ENSG00000143222
UFL1-AS1,ENSG00000233797
UGCG,ENSG00000148154
UGDH-AS1,ENSG00000249348
UGGT2,ENSG00000102595
UGT8,ENSG00000174607
ULK2,ENSG00000083290
ULK4,ENSG00000168038
UMODL1,ENSG00000177398
UNC5C,ENSG00000182168
UNC79,ENSG00000133958
UPK2,ENSG00000110375
UPP2,ENSG00000007001
UPRT,ENSG00000094841
UQCC3,ENSG00000204922
UQCR11,ENSG00000127540
UQCRB,ENSG00000156467
UQCRQ,ENSG00000164405
UROD,ENSG00000126088
USP13,ENSG00000058056
USP27X,ENSG00000273820
USP3-AS1,ENSG00000259248
USP31,ENSG00000103404
USP38-DT,ENSG00000250326
USP44,ENSG00000136014
USP49,ENSG00000164663
USP53,ENSG00000145390
USP54,ENSG00000166348
USP6NL,ENSG00000148429
USP9Y,ENSG00000114374
UST,ENSG00000111962
VAMP8,ENSG00000118640
VAV3,ENSG00000134215
VAV3-AS1,ENSG00000284338
VCAM1,ENSG00000162692
VCAN,ENSG00000038427
VCL,ENSG00000035403
VEGFA,ENSG00000112715
VEGFB,ENSG00000173511
VIM,ENSG00000026025
VIPR1,ENSG00000114812
VIPR2,ENSG00000106018
VIRMA-DT,ENSG00000253704
VLDLR,ENSG00000147852
VLDLR-AS1,ENSG00000236404
VMO1,ENSG00000182853
VNN2,ENSG00000112303
VPREB3,ENSG00000128218
VPS13B-DT,ENSG00000253948
VSIG1,ENSG00000101842
VSIG4,ENSG00000155659
VSIR,ENSG00000107738
VWA3A,ENSG00000175267
VWA5A,ENSG00000110002
VWDE,ENSG00000146530
VWF,ENSG00000110799
WAKMAR2,ENSG00000237499
WARS1,ENSG00000140105
WARS2,ENSG00000116874
WARS2-AS1,ENSG00000231365
WASF1,ENSG00000112290
WBP1,ENSG00000239779
WBP2NL,ENSG00000183066
WDFY3,ENSG00000163625
WDFY4,ENSG00000128815
WDHD1,ENSG00000198554
WDPCP,ENSG00000143951
WDR11-DT,ENSG00000227165
WDR17,ENSG00000150627
WDR19,ENSG00000157796
WDR25,ENSG00000176473
WDR27,ENSG00000184465
WDR3,ENSG00000065183
WDR31,ENSG00000148225
WDR35,ENSG00000118965
WDR49,ENSG00000174776
WDR54,ENSG00000005448
WDR5B-DT,ENSG00000272758
WDR64,ENSG00000162843
WDR73,ENSG00000177082
WDR83OS,ENSG00000105583
WDSUB1,ENSG00000196151
WEE2-AS1,ENSG00000228775
WFDC2,ENSG00000101443
WFDC21P,ENSG00000261040
WHRN,ENSG00000095397
WNK3,ENSG00000196632
WNT5B,ENSG00000111186
WNT7A,ENSG00000154764
WWC1,ENSG00000113645
WWOX,ENSG00000186153
WWTR1,ENSG00000018408
XACT,ENSG00000241743
XCL1,ENSG00000143184
XCL2,ENSG00000143185
XCR1,ENSG00000173578
XG,ENSG00000124343
XIST,ENSG00000229807
XKR4,ENSG00000206579
XKR6,ENSG00000284927
XKR9,ENSG00000221947
XNDC1N-ZNF705EP-ALG1L9P,ENSG00000289716
XYLB,ENSG00000093217
XYLT1,ENSG00000103489
YES1,ENSG00000176105
YPEL1,ENSG00000100027
YPEL3,ENSG00000090238
YPEL4,ENSG00000166793
YTHDF2,ENSG00000198492
ZBP1,ENSG00000124256
ZBTB16,ENSG00000109906
ZBTB2,ENSG00000181472
ZBTB20-AS1,ENSG00000241560
ZBTB20-AS5,ENSG00000242290
ZBTB44-DT,ENSG00000175773
ZC2HC1A,ENSG00000104427
ZC2HC1B,ENSG00000118491
ZC3H12B,ENSG00000102053
ZC3H12C,ENSG00000149289
ZC4H2,ENSG00000126970
ZCCHC14,ENSG00000140948
ZCCHC18,ENSG00000166707
ZCCHC24,ENSG00000165424
ZCCHC7,ENSG00000147905
ZCWPW1,ENSG00000078487
ZCWPW2,ENSG00000206559
ZDBF2,ENSG00000204186
ZDHHC14,ENSG00000175048
ZDHHC15,ENSG00000102383
ZEB1,ENSG00000148516
ZEB1-AS1,ENSG00000237036
ZEB2,ENSG00000169554
ZFAND2B,ENSG00000158552
ZFAS1,ENSG00000177410
ZFAT,ENSG00000066827
ZFHX3,ENSG00000140836
ZFHX3-AS1,ENSG00000259768
ZFP2,ENSG00000198939
ZFP30,ENSG00000120784
ZFP37,ENSG00000136866
ZFP64,ENSG00000020256
ZFP82,ENSG00000181007
ZFPM2,ENSG00000169946
ZFY,ENSG00000067646
ZFY-AS1,ENSG00000233070
ZFYVE28,ENSG00000159733
ZFYVE9,ENSG00000157077
ZHX3,ENSG00000174306
ZKSCAN7-AS1,ENSG00000236869
ZMAT4,ENSG00000165061
ZMIZ1,ENSG00000108175
ZMIZ1-AS1,ENSG00000224596
ZNF10,ENSG00000256223
ZNF133,ENSG00000125846
ZNF135,ENSG00000176293
ZNF155,ENSG00000204920
ZNF157,ENSG00000147117
ZNF16,ENSG00000170631
ZNF19,ENSG00000157429
ZNF200,ENSG00000010539
ZNF208,ENSG00000160321
ZNF215,ENSG00000149054
ZNF229,ENSG00000278318
ZNF232-AS1,ENSG00000234327
ZNF235,ENSG00000159917
ZNF248,ENSG00000198105
ZNF252P,ENSG00000196922
ZNF257,ENSG00000197134
ZNF271P,ENSG00000293516
ZNF287,ENSG00000141040
ZNF30,ENSG00000168661
ZNF318,ENSG00000171467
ZNF324,ENSG00000083812
ZNF329,ENSG00000181894
ZNF337-AS1,ENSG00000213742
ZNF345,ENSG00000251247
ZNF347,ENSG00000197937
ZNF354A,ENSG00000169131
ZNF354C,ENSG00000177932
ZNF358,ENSG00000198816
ZNF365,ENSG00000138311
ZNF366,ENSG00000178175
ZNF367,ENSG00000165244
ZNF382,ENSG00000161298
ZNF385D,ENSG00000151789
ZNF404,ENSG00000176222
ZNF415,ENSG00000170954
ZNF425,ENSG00000204947
ZNF428,ENSG00000131116
ZNF429,ENSG00000197013
ZNF438,ENSG00000183621
ZNF439,ENSG00000171291
ZNF441,ENSG00000197044
ZNF45,ENSG00000124459
ZNF45-AS1,ENSG00000267191
ZNF461,ENSG00000197808
ZNF462,ENSG00000148143
ZNF470-DT,ENSG00000269696
ZNF471,ENSG00000196263
ZNF483,ENSG00000173258
ZNF487,ENSG00000243660
ZNF497,ENSG00000174586
ZNF500,ENSG00000103199
ZNF519,ENSG00000175322
ZNF521,ENSG00000198795
ZNF528-AS1,ENSG00000269834
ZNF529-AS1,ENSG00000233527
ZNF532,ENSG00000074657
ZNF540,ENSG00000171817
ZNF541,ENSG00000118156
ZNF549,ENSG00000121406
ZNF551,ENSG00000204519
ZNF561-AS1,ENSG00000267106
ZNF563,ENSG00000188868
ZNF566,ENSG00000186017
ZNF568,ENSG00000198453
ZNF569,ENSG00000196437
ZNF570,ENSG00000171827
ZNF571,ENSG00000180479
ZNF578,ENSG00000258405
ZNF583,ENSG00000198440
ZNF585A,ENSG00000196967
ZNF594,ENSG00000180626
ZNF594-DT,ENSG00000261879
ZNF595,ENSG00000272602
ZNF600,ENSG00000189190
ZNF605,ENSG00000196458
ZNF608,ENSG00000168916
ZNF618,ENSG00000157657
ZNF626,ENSG00000188171
ZNF630,ENSG00000221994
ZNF665,ENSG00000197497
ZNF667,ENSG00000198046
ZNF667-AS1,ENSG00000166770
ZNF670,ENSG00000277462
ZNF683,ENSG00000176083
ZNF69,ENSG00000198429
ZNF699,ENSG00000196110
ZNF704,ENSG00000164684
ZNF710,ENSG00000140548
ZNF713,ENSG00000178665
ZNF727,ENSG00000214652
ZNF737,ENSG00000237440
ZNF763,ENSG00000197054
ZNF777,ENSG00000196453
ZNF786,ENSG00000197362
ZNF790,ENSG00000197863
ZNF790-AS1,ENSG00000267254
ZNF793,ENSG00000188227
ZNF80,ENSG00000174255
ZNF804A,ENSG00000170396
ZNF804B,ENSG00000182348
ZNF815P,ENSG00000235944
ZNF821,ENSG00000102984
ZNF827,ENSG00000151612
ZNF829,ENSG00000185869
ZNF831,ENSG00000124203
ZNF835,ENSG00000127903
ZNF853,ENSG00000236609
ZNF860,ENSG00000197385
ZNF876P,ENSG00000198155
ZNRF1,ENSG00000186187
ZNRF2P2,ENSG00000225264
ZNRF3,ENSG00000183579
ZPLD1,ENSG00000170044
ZRANB2-DT,ENSG00000229956
ZRANB3,ENSG00000121988
ZSCAN16-AS1,ENSG00000269293
ZSCAN18,ENSG00000121413
ZSCAN30,ENSG00000186814
ZSCAN5A,ENSG00000131848
ZSWIM3,ENSG00000132801
ZSWIM5,ENSG00000162415
ZSWIM7,ENSG00000214941
